canal,campanha,grupo_de_Anuncio,data_,impressoes,cliques,leads,investimento
Facebook,atr_leads | Genérica  + Geral Promo [CBO],LAL 1% COMPRADORES,30/06/2024,1899,10,1,"48,3"
Facebook,atr_leads | avalie o seu usado [CBO] 2,LAL 1% COMPRADORES — AJUSTADO,30/06/2024,3687,38,4,"60,47"
Facebook,atr_leads | promo - creta [CBO] 2,RMKT,30/06/2024,1080,7,3,"32,62"
Facebook,atr_leads | promo - hb20 (CBO) 2,LAL Compradores 1%,30/06/2024,1059,3,1,"13,96"
Facebook,atr_leads | promo - hb20 (CBO) 2,RMKT,30/06/2024,768,5,,"16,77"
Facebook,atr_leads | Genérica  + Geral Promo [CBO],LAL 1% COMPRADORES,29/06/2024,870,8,,"24,34"
Facebook,atr_leads | avalie o seu usado [CBO] 2,LAL 1% COMPRADORES — AJUSTADO,29/06/2024,1645,12,1,"29,81"
Facebook,atr_leads | promo - creta [CBO] 2,RMKT,29/06/2024,1624,10,,"40,86"
Facebook,atr_leads | promo - hb20 (CBO) 2,LAL Compradores 1%,29/06/2024,1295,10,1,"17,58"
Facebook,atr_leads | promo - hb20 (CBO) 2,RMKT,29/06/2024,1080,5,,"23,91"
Facebook,atr_leads | Genérica  + Geral Promo [CBO],LAL 1% COMPRADORES,28/06/2024,1049,7,2,"30,83"
Facebook,atr_leads | avalie o seu usado [CBO] 2,LAL 1% COMPRADORES — AJUSTADO,28/06/2024,2188,18,3,"35,47"
Facebook,atr_leads | promo - creta [CBO] 2,RMKT,28/06/2024,2136,11,2,"43,31"
Facebook,atr_leads | promo - hb20 (CBO) 2,LAL Compradores 1%,28/06/2024,1171,13,4,"19,25"
Facebook,atr_leads | promo - hb20 (CBO) 2,RMKT,28/06/2024,1067,8,,"24,03"
Facebook,atr_leads | Genérica  + Geral Promo [CBO],LAL 1% COMPRADORES,27/06/2024,944,11,1,"29,49"
Facebook,atr_leads | avalie o seu usado [CBO] 2,LAL 1% COMPRADORES — AJUSTADO,27/06/2024,1994,16,3,"34,15"
Facebook,atr_leads | promo - creta [CBO] 2,RMKT,27/06/2024,2175,10,3,"44,57"
Facebook,atr_leads | promo - hb20 (CBO) 2,LAL Compradores 1%,27/06/2024,1745,3,1,"22,43"
Facebook,atr_leads | promo - hb20 (CBO) 2,RMKT,27/06/2024,1005,12,2,"20,86"
Facebook,atr_leads | Genérica  + Geral Promo [CBO],LAL 1% COMPRADORES,26/06/2024,1191,7,2,"29,26"
Facebook,atr_leads | avalie o seu usado [CBO] 2,LAL 1% COMPRADORES — AJUSTADO,26/06/2024,2477,15,4,"35,64"
Facebook,atr_leads | promo - creta [CBO] 2,RMKT,26/06/2024,2552,11,2,"44,6"
Facebook,atr_leads | promo - hb20 (CBO) 2,LAL Compradores 1%,26/06/2024,1961,4,2,"25,76"
Facebook,atr_leads | promo - hb20 (CBO) 2,RMKT,26/06/2024,916,4,3,"18,94"
Facebook,atr_leads | Genérica  + Geral Promo [CBO],LAL 1% COMPRADORES,25/06/2024,1005,6,,30
Facebook,atr_leads | avalie o seu usado [CBO] 2,LAL 1% COMPRADORES — AJUSTADO,25/06/2024,2441,21,4,"35,06"
Facebook,atr_leads | promo - creta [CBO] 2,RMKT,25/06/2024,2247,12,2,"45,99"
Facebook,atr_leads | promo - hb20 (CBO) 2,LAL Compradores 1%,25/06/2024,2249,7,2,"29,12"
Facebook,atr_leads | promo - hb20 (CBO) 2,RMKT,25/06/2024,695,7,2,"15,98"
Facebook,atr_leads | Genérica  + Geral Promo [CBO],LAL 1% COMPRADORES,24/06/2024,1231,7,,"31,08"
Facebook,atr_leads | avalie o seu usado [CBO] 2,LAL 1% COMPRADORES — AJUSTADO,24/06/2024,2138,19,5,"31,8"
Facebook,atr_leads | promo - creta [CBO] 2,RMKT,24/06/2024,1791,17,3,"44,86"
Facebook,atr_leads | promo - hb20 (CBO) 2,LAL Compradores 1%,24/06/2024,1859,12,1,"28,46"
Facebook,atr_leads | promo - hb20 (CBO) 2,RMKT,24/06/2024,1052,8,,"17,46"
Facebook,atr_leads | avalie o seu usado [CBO] 2,LAL 1% COMPRADORES — AJUSTADO,23/06/2024,1757,10,2,"27,74"
Facebook,atr_leads | promo - creta [CBO] 2,RMKT,23/06/2024,1625,15,3,"43,06"
Facebook,atr_leads | promo - hb20 (CBO) 2,LAL Compradores 1%,23/06/2024,1658,15,4,"22,77"
Facebook,atr_leads | promo - hb20 (CBO) 2,RMKT,23/06/2024,894,8,,"19,64"
Facebook,atr_leads | Hyundai Day,LAL Compradores 1%,22/06/2024,1360,3,1,"23,08"
Facebook,atr_leads | avalie o seu usado [CBO] 2,LAL 1% COMPRADORES — AJUSTADO,22/06/2024,1282,9,2,"22,55"
Facebook,atr_leads | promo - creta [CBO] 2,RMKT,22/06/2024,1176,12,1,"35,31"
Facebook,atr_leads | promo - hb20 (CBO) 2,LAL Compradores 1%,22/06/2024,699,1,1,"13,84"
Facebook,atr_leads | promo - hb20 (CBO) 2,RMKT,22/06/2024,1141,7,,"28,27"
Facebook,atr_leads | Hyundai Day,LAL Compradores 1%,21/06/2024,2382,8,3,"52,75"
Facebook,atr_leads | avalie o seu usado [CBO] 2,LAL 1% COMPRADORES — AJUSTADO,21/06/2024,1511,14,2,"24,4"
Facebook,atr_leads | promo - creta [CBO] 2,RMKT,21/06/2024,1242,15,1,"39,2"
Facebook,atr_leads | promo - hb20 (CBO) 2,LAL Compradores 1%,21/06/2024,730,5,2,"14,5"
Facebook,atr_leads | promo - hb20 (CBO) 2,RMKT,21/06/2024,1358,5,,"28,86"
Facebook,atr_leads | Hyundai Day,LAL Compradores 1%,20/06/2024,2441,10,2,"51,78"
Facebook,atr_leads | avalie o seu usado [CBO] 2,LAL 1% COMPRADORES — AJUSTADO,20/06/2024,1471,14,5,"24,02"
Facebook,atr_leads | promo - creta [CBO] 2,RMKT,20/06/2024,1272,17,3,"38,97"
Facebook,atr_leads | promo - hb20 (CBO) 2,LAL Compradores 1%,20/06/2024,945,1,1,"19,42"
Facebook,atr_leads | promo - hb20 (CBO) 2,RMKT,20/06/2024,1447,8,1,"23,97"
Facebook,atr_leads | Hyundai Day,LAL Compradores 1%,19/06/2024,2494,12,5,"53,57"
Facebook,atr_leads | avalie o seu usado [CBO] 2,LAL 1% COMPRADORES — AJUSTADO,19/06/2024,1264,14,4,"24,62"
Facebook,atr_leads | promo - creta [CBO] 2,RMKT,19/06/2024,1756,13,1,"39,78"
Facebook,atr_leads | promo - hb20 (CBO) 2,LAL Compradores 1%,19/06/2024,613,2,1,"10,86"
Facebook,atr_leads | promo - hb20 (CBO) 2,RMKT,19/06/2024,674,3,,"15,52"
Facebook,atr_leads | Hyundai Day,LAL Compradores 1%,18/06/2024,2782,22,6,"52,71"
Facebook,atr_leads | avalie o seu usado [CBO] 2,LAL 1% COMPRADORES — AJUSTADO,18/06/2024,1342,14,,"25,5"
Facebook,atr_leads | promo - creta [CBO] 2,RMKT,18/06/2024,1853,20,5,"40,33"
Facebook,atr_leads | promo - hb20 (CBO) 2,LAL Compradores 1%,18/06/2024,1641,10,1,"21,6"
Facebook,atr_leads | promo - hb20 (CBO) 2,RMKT,18/06/2024,1000,5,,"18,27"
Facebook,atr_leads | Hyundai Day,LAL Compradores 1%,17/06/2024,1931,18,3,"38,18"
Facebook,atr_leads | Hyundai Day,LAL Volvo + Interesses Hyundai,17/06/2024,815,3,1,"17,01"
Facebook,atr_leads | avalie o seu usado [CBO] 2,LAL 1% COMPRADORES — AJUSTADO,17/06/2024,1517,20,4,"26,15"
Facebook,atr_leads | promo - creta [CBO] 2,RMKT,17/06/2024,2099,22,2,"42,22"
Facebook,atr_leads | promo - hb20 (CBO) 2,LAL Compradores 1%,17/06/2024,2151,10,,"22,32"
Facebook,atr_leads | promo - hb20 (CBO) 2,RMKT,17/06/2024,933,5,3,"19,1"
Facebook,atr_leads | avalie o seu usado [CBO] 2,LAL 1% COMPRADORES — AJUSTADO,16/06/2024,1811,15,2,"27,69"
Facebook,atr_leads | promo - creta [CBO] 2,RMKT,16/06/2024,1881,17,2,"44,19"
Facebook,atr_leads | promo - hb20 (CBO) 2,LAL Compradores 1%,16/06/2024,2663,13,3,"28,4"
Facebook,atr_leads | promo - hb20 (CBO) 2,RMKT,16/06/2024,690,9,2,"14,94"
Facebook,atr_leads | avalie o seu usado [CBO] 2,LAL 1% COMPRADORES — AJUSTADO,15/06/2024,1464,13,,"22,83"
Facebook,atr_leads | promo - creta [CBO] 2,RMKT,15/06/2024,2155,9,2,"36,79"
Facebook,atr_leads | promo - hb20 (CBO) 2,LAL Compradores 1%,15/06/2024,1582,18,4,"21,94"
Facebook,atr_leads | promo - hb20 (CBO) 2,RMKT,15/06/2024,516,9,2,"14,78"
Facebook,atr_leads | avalie o seu usado [CBO] 2,LAL 1% COMPRADORES — AJUSTADO,14/06/2024,1370,16,6,"24,15"
Facebook,atr_leads | promo - creta [CBO] 2,RMKT,14/06/2024,1717,20,1,"37,85"
Facebook,atr_leads | promo - hb20 (CBO) 2,LAL Compradores 1%,14/06/2024,1404,11,,"17,73"
Facebook,atr_leads | promo - hb20 (CBO) 2,LAL Volvo + Interesses Hyundai,14/06/2024,448,1,,"6,94"
Facebook,atr_leads | promo - hb20 (CBO) 2,RMKT,14/06/2024,592,4,,"13,81"
Facebook,atr_leads | Hyundai Day,LAL Compradores 1%,13/06/2024,504,4,2,"10,65"
Facebook,atr_leads | Hyundai Day,LAL Volvo + Interesses Hyundai,13/06/2024,399,1,,"6,65"
Facebook,atr_leads | avalie o seu usado [CBO] 2,LAL 1% COMPRADORES — AJUSTADO,13/06/2024,1411,8,1,"23,21"
Facebook,atr_leads | promo - creta [CBO] 2,RMKT,13/06/2024,1808,9,3,"38,61"
Facebook,atr_leads | promo - hb20 (CBO) 2,LAL Compradores 1%,13/06/2024,964,6,3,"16,91"
Facebook,atr_leads | promo - hb20 (CBO) 2,LAL Volvo + Interesses Hyundai,13/06/2024,721,5,,"9,22"
Facebook,atr_leads | promo - hb20 (CBO) 2,RMKT,13/06/2024,758,1,,"11,53"
Facebook,atr_leads | Genérica  + Geral Promo [CBO],LAL 1% COMPRADORES,12/06/2024,169,2,,"5,59"
Facebook,atr_leads | Hyundai Day,LAL Compradores 1%,12/06/2024,634,7,1,"13,09"
Facebook,atr_leads | Hyundai Day,LAL Volvo + Interesses Hyundai,12/06/2024,1017,2,1,"19,13"
Facebook,atr_leads | avalie o seu usado [CBO] 2,LAL 1% COMPRADORES — AJUSTADO,12/06/2024,1528,11,2,"24,68"
Facebook,atr_leads | promo - creta [CBO] 2,RMKT,12/06/2024,2211,12,4,"46,43"
Facebook,atr_leads | promo - hb20 (CBO) 2,LAL Compradores 1%,12/06/2024,1328,5,1,"17,71"
Facebook,atr_leads | promo - hb20 (CBO) 2,LAL Volvo + Interesses Hyundai,12/06/2024,672,2,,"9,28"
Facebook,atr_leads | promo - hb20 (CBO) 2,RMKT,12/06/2024,719,7,3,"16,16"
Facebook,atr_leads | Genérica  + Geral Promo [CBO],LAL 1% COMPRADORES,11/06/2024,923,6,1,"25,87"
Facebook,atr_leads | avalie o seu usado [CBO] 2,LAL 1% COMPRADORES — AJUSTADO,11/06/2024,1528,10,3,"26,17"
Facebook,atr_leads | promo - creta [CBO] 2,RMKT,11/06/2024,2102,18,4,"52,67"
Facebook,atr_leads | promo - hb20 (CBO) 2,LAL Compradores 1%,11/06/2024,1443,17,4,"23,03"
Facebook,atr_leads | promo - hb20 (CBO) 2,LAL Volvo + Interesses Hyundai,11/06/2024,905,3,3,"13,15"
Facebook,atr_leads | promo - hb20 (CBO) 2,RMKT,11/06/2024,600,9,1,"14,41"
Facebook,atr_leads | Genérica  + Geral Promo [CBO],LAL 1% COMPRADORES,10/06/2024,932,15,3,"26,8"
Facebook,atr_leads | avalie o seu usado [CBO] 2,LAL 1% COMPRADORES — AJUSTADO,10/06/2024,1661,14,1,"26,88"
Facebook,atr_leads | promo - creta [CBO] 2,Int. Auto + Pais +30 AB,10/06/2024,538,5,1,"14,18"
Facebook,atr_leads | promo - creta [CBO] 2,RMKT,10/06/2024,1358,11,2,"37,42"
Facebook,atr_leads | promo - hb20 (CBO) 2,LAL Compradores 1%,10/06/2024,1488,10,2,"24,27"
Facebook,atr_leads | promo - hb20 (CBO) 2,LAL Volvo + Interesses Hyundai,10/06/2024,848,1,,"11,53"
Facebook,atr_leads | promo - hb20 (CBO) 2,RMKT,10/06/2024,683,4,,"17,05"
Facebook,atr_leads | Genérica  + Geral Promo [CBO],LAL 1% COMPRADORES,09/06/2024,1135,7,,"26,97"
Facebook,atr_leads | avalie o seu usado [CBO] 2,LAL 1% COMPRADORES — AJUSTADO,09/06/2024,1690,14,4,"27,07"
Facebook,atr_leads | promo - creta [CBO] 2,Int. Auto + Pais +30 AB,09/06/2024,866,5,,"17,48"
Facebook,atr_leads | promo - creta [CBO] 2,RMKT,09/06/2024,1301,10,5,"36,17"
Facebook,atr_leads | promo - hb20 (CBO) 2,LAL Compradores 1%,09/06/2024,2287,9,3,"31,82"
Facebook,atr_leads | promo - hb20 (CBO) 2,LAL Volvo + Interesses Hyundai,09/06/2024,727,4,,"10,75"
Facebook,atr_leads | promo - hb20 (CBO) 2,RMKT,09/06/2024,714,3,,"11,09"
Facebook,atr_leads | Genérica  + Geral Promo [CBO],LAL 1% COMPRADORES,08/06/2024,903,10,3,"23,55"
Facebook,atr_leads | avalie o seu usado [CBO] 2,LAL 1% COMPRADORES — AJUSTADO,08/06/2024,1290,6,1,"24,81"
Facebook,atr_leads | promo - creta [CBO] 2,Int. Auto + Pais +30 AB,08/06/2024,1604,6,1,"35,38"
Facebook,atr_leads | promo - creta [CBO] 2,RMKT,08/06/2024,677,2,,"22,54"
Facebook,atr_leads | promo - hb20 (CBO) 2,LAL Compradores 1%,08/06/2024,2271,6,1,"35,49"
Facebook,atr_leads | promo - hb20 (CBO) 2,LAL Volvo + Interesses Hyundai,08/06/2024,602,1,1,"11,16"
Facebook,atr_leads | promo - hb20 (CBO) 2,RMKT,08/06/2024,855,6,,"15,26"
Facebook,atr_leads | Genérica  + Geral Promo [CBO],LAL 1% COMPRADORES,07/06/2024,898,8,2,"23,55"
Facebook,atr_leads | avalie o seu usado [CBO] 2,LAL 1% COMPRADORES — AJUSTADO,07/06/2024,1235,9,2,"25,71"
Facebook,atr_leads | promo - creta [CBO] 2,Int. Auto + Pais +30 AB,07/06/2024,955,6,,"27,95"
Facebook,atr_leads | promo - creta [CBO] 2,RMKT,07/06/2024,1049,11,,"32,43"
Facebook,atr_leads | promo - hb20 (CBO) 2,LAL Compradores 1%,07/06/2024,2064,4,2,"37,79"
Facebook,atr_leads | promo - hb20 (CBO) 2,LAL Volvo + Interesses Hyundai,07/06/2024,611,2,2,"12,27"
Facebook,atr_leads | promo - hb20 (CBO) 2,RMKT,07/06/2024,591,3,,"12,94"
Facebook,atr_leads | Genérica  + Geral Promo [CBO],LAL 1% COMPRADORES,06/06/2024,1004,7,1,"24,56"
Facebook,atr_leads | avalie o seu usado [CBO] 2,LAL 1% COMPRADORES — AJUSTADO,06/06/2024,1035,8,,"21,13"
Facebook,atr_leads | promo - creta [CBO] 2,Int. Auto + Pais +30 AB,06/06/2024,818,12,2,"16,42"
Facebook,atr_leads | promo - creta [CBO] 2,RMKT,06/06/2024,339,1,,"7,74"
Facebook,atr_leads | promo - hb20 (CBO) 2,LAL Compradores 1%,06/06/2024,1390,8,2,"12,3"
Facebook,atr_leads | promo - hb20 (CBO) 2,LAL Volvo + Interesses Hyundai,06/06/2024,450,2,,"5,01"
Facebook,atr_leads | promo - hb20 (CBO) 2,RMKT,06/06/2024,462,2,,"4,68"
Facebook,atr_leads | Genérica  + Geral Promo [CBO],LAL 1% COMPRADORES,05/06/2024,1139,11,1,"29,86"
Facebook,atr_leads | avalie o seu usado [CBO],LAL 1% COMPRADORES — AJUSTADO,05/06/2024,792,6,,"11,79"
Facebook,atr_leads | avalie o seu usado [CBO] 2,LAL 1% COMPRADORES — AJUSTADO,05/06/2024,522,3,,"10,29"
Facebook,atr_leads | promo - creta [CBO] 2,Int. Auto + Pais +30 AB,05/06/2024,476,6,2,"9,63"
Facebook,atr_leads | promo - creta [CBO] 2,RMKT,05/06/2024,1654,16,2,"32,01"
Facebook,atr_leads | promo - hb20 (CBO) 2,LAL Compradores 1%,05/06/2024,3583,15,4,"30,14"
Facebook,atr_leads | promo - hb20 (CBO) 2,LAL Volvo + Interesses Hyundai,05/06/2024,922,8,1,"9,66"
Facebook,atr_leads | promo - hb20 (CBO) 2,RMKT,05/06/2024,921,6,2,"9,15"
Facebook,atr_leads | Genérica  + Geral Promo [CBO],LAL 1% COMPRADORES,04/06/2024,1289,11,1,"29,92"
Facebook,atr_leads | avalie o seu usado [CBO],LAL 1% COMPRADORES — AJUSTADO,04/06/2024,1593,10,,"25,2"
Facebook,atr_leads | promo - creta [CBO] 2,Int. Auto + Pais +30 AB,04/06/2024,369,2,1,"5,55"
Facebook,atr_leads | promo - creta [CBO] 2,RMKT,04/06/2024,2146,20,1,"38,81"
Facebook,atr_leads | promo - hb20 (CBO) 2,LAL Compradores 1%,04/06/2024,3834,14,3,"30,32"
Facebook,atr_leads | promo - hb20 (CBO) 2,LAL Volvo + Interesses Hyundai,04/06/2024,1198,7,,"9,41"
Facebook,atr_leads | promo - hb20 (CBO) 2,RMKT,04/06/2024,1094,5,,"9,91"
Facebook,atr_leads | Genérica  + Geral Promo [CBO],LAL 1% COMPRADORES,03/06/2024,1296,8,3,"31,64"
Facebook,atr_leads | avalie o seu usado [CBO],LAL 1% COMPRADORES — AJUSTADO,03/06/2024,2049,15,1,"25,81"
Facebook,atr_leads | promo - creta [CBO] 2,Int. Auto + Pais +30 AB,03/06/2024,1405,11,1,"17,51"
Facebook,atr_leads | promo - creta [CBO] 2,RMKT,03/06/2024,1576,11,5,"29,54"
Facebook,atr_leads | promo - hb20 (CBO) 2,LAL Compradores 1%,03/06/2024,3822,13,3,"32,28"
Facebook,atr_leads | promo - hb20 (CBO) 2,LAL Volvo + Interesses Hyundai,03/06/2024,994,10,1,"9,03"
Facebook,atr_leads | promo - hb20 (CBO) 2,RMKT,03/06/2024,976,5,2,"9,78"
Facebook,atr_leads | Genérica  + Geral Promo [CBO],LAL 1% COMPRADORES,02/06/2024,1074,6,2,"33,9"
Facebook,atr_leads | avalie o seu usado [CBO],LAL 1% COMPRADORES — AJUSTADO,02/06/2024,1922,16,,"27,74"
Facebook,atr_leads | promo - creta [CBO] 2,Int. Auto + Pais +30 AB,02/06/2024,1227,14,,"15,29"
Facebook,atr_leads | promo - creta [CBO] 2,RMKT,02/06/2024,2402,14,1,"33,65"
Facebook,atr_leads | promo - hb20 (CBO) 2,LAL Compradores 1%,02/06/2024,3941,35,13,"33,85"
Facebook,atr_leads | promo - hb20 (CBO) 2,LAL Volvo + Interesses Hyundai,02/06/2024,1106,10,1,"10,22"
Facebook,atr_leads | promo - hb20 (CBO) 2,RMKT,02/06/2024,953,5,2,"9,35"
Facebook,atr_leads | Genérica  + Geral Promo [CBO],LAL 1% COMPRADORES,01/06/2024,934,10,5,"27,86"
Facebook,atr_leads | avalie o seu usado [CBO],LAL 1% COMPRADORES — AJUSTADO,01/06/2024,1725,15,1,"23,39"
Facebook,atr_leads | promo - creta [CBO] 2,Int. Auto + Pais +30 AB,01/06/2024,1407,10,,"16,94"
Facebook,atr_leads | promo - creta [CBO] 2,RMKT,01/06/2024,1610,12,2,"26,45"
Facebook,atr_leads | promo - hb20 (CBO) 2,LAL Compradores 1%,01/06/2024,2621,25,3,"27,39"
Facebook,atr_leads | promo - hb20 (CBO) 2,LAL Volvo + Interesses Hyundai,01/06/2024,878,5,,"10,62"
Facebook,atr_leads | promo - hb20 (CBO) 2,RMKT,01/06/2024,867,8,2,"9,47"
Facebook,atr_leads | Genérica [CBO],LAL 1% COMPRADORES,31/07/2024,5439,61,8,"115,11"
Facebook,atr_leads | Promo HR [CBO],VUC,31/07/2024,1005,4,1,"30,32"
Facebook,atr_leads | avalie o seu usado [CBO] 2,LAL 1% COMPRADORES — AJUSTADO,31/07/2024,4444,27,6,"74,7"
Facebook,atr_leads | promo - creta [CBO] 2,RMKT,31/07/2024,1130,6,2,"48,08"
Facebook,atr_leads | promo - hb20 (CBO) 2,LAL Compradores 1%,31/07/2024,2368,17,5,"46,21"
Facebook,atr_leads | Genérica [CBO],LAL 1% COMPRADORES,30/07/2024,3211,29,2,"76,42"
Facebook,atr_leads | Promo HR [CBO],VUC,30/07/2024,1892,8,2,"59,27"
Facebook,atr_leads | promo - creta [CBO] 2,RMKT,30/07/2024,2700,22,4,"86,75"
Facebook,atr_leads | promo - hb20 (CBO) 2,LAL Compradores 1%,30/07/2024,5263,15,2,"85,66"
Facebook,atr_leads | Genérica [CBO],LAL 1% COMPRADORES,29/07/2024,4006,32,5,"77,73"
Facebook,atr_leads | Promo HR [CBO],VUC,29/07/2024,2878,11,3,"56,5"
Facebook,atr_leads | promo - creta [CBO] 2,RMKT,29/07/2024,3035,20,4,"83,15"
Facebook,atr_leads | promo - hb20 (CBO) 2,LAL Compradores 1%,29/07/2024,7343,33,5,"88,92"
Facebook,atr_leads | Genérica [CBO],LAL 1% COMPRADORES,28/07/2024,3551,35,8,"80,18"
Facebook,atr_leads | Promo HR [CBO],VUC,28/07/2024,3173,14,2,61
Facebook,atr_leads | promo - creta [CBO] 2,RMKT,28/07/2024,4389,20,3,"88,56"
Facebook,atr_leads | promo - hb20 (CBO) 2,LAL Compradores 1%,28/07/2024,7007,32,6,"89,19"
Facebook,atr_leads | Genérica [CBO],LAL 1% COMPRADORES,27/07/2024,2728,19,3,"68,73"
Facebook,atr_leads | Promo HR [CBO],VUC,27/07/2024,2540,11,2,"48,75"
Facebook,atr_leads | promo - creta [CBO] 2,RMKT,27/07/2024,3984,15,4,"79,07"
Facebook,atr_leads | promo - hb20 (CBO) 2,LAL Compradores 1%,27/07/2024,5157,20,4,"76,77"
Facebook,atr_leads | Genérica [CBO],LAL 1% COMPRADORES,26/07/2024,2993,27,2,"72,34"
Facebook,atr_leads | Promo HR [CBO],VUC,26/07/2024,3367,14,2,"51,93"
Facebook,atr_leads | promo - creta [CBO] 2,RMKT,26/07/2024,3544,19,6,"81,34"
Facebook,atr_leads | promo - hb20 (CBO) 2,LAL Compradores 1%,26/07/2024,5175,22,5,"82,53"
Facebook,atr_leads | Genérica [CBO],LAL 1% COMPRADORES,25/07/2024,3962,35,4,"73,43"
Facebook,atr_leads | Promo HR [CBO],VUC,25/07/2024,2926,11,3,"56,15"
Facebook,atr_leads | promo - creta [CBO] 2,RMKT,25/07/2024,3651,23,2,"82,67"
Facebook,atr_leads | promo - hb20 (CBO) 2,LAL Compradores 1%,25/07/2024,4721,28,9,"83,87"
Facebook,atr_leads | Genérica [CBO],LAL 1% COMPRADORES,24/07/2024,4529,44,5,"75,42"
Facebook,atr_leads | Promo HR [CBO],VUC,24/07/2024,2978,15,6,"56,53"
Facebook,atr_leads | promo - creta [CBO] 2,RMKT,24/07/2024,4355,27,4,"83,79"
Facebook,atr_leads | promo - hb20 (CBO) 2,LAL Compradores 1%,24/07/2024,5662,26,6,"83,82"
Facebook,atr_leads | Genérica [CBO],LAL 1% COMPRADORES,23/07/2024,3924,43,7,"64,48"
Facebook,atr_leads | Promo HR [CBO],VUC,23/07/2024,3059,6,1,"52,32"
Facebook,atr_leads | avalie o seu usado [CBO] 2,LAL 1% COMPRADORES — AJUSTADO,23/07/2024,2011,6,3,"26,8"
Facebook,atr_leads | promo - creta [CBO] 2,RMKT,23/07/2024,4226,23,6,"82,95"
Facebook,atr_leads | promo - hb20 (CBO) 2,LAL Compradores 1%,23/07/2024,6318,29,4,"82,92"
Facebook,atr_leads | Genérica [CBO],LAL 1% COMPRADORES,22/07/2024,3384,49,4,"52,34"
Facebook,atr_leads | Promo HR [CBO],VUC,22/07/2024,3470,5,2,"54,23"
Facebook,atr_leads | avalie o seu usado [CBO] 2,LAL 1% COMPRADORES — AJUSTADO,22/07/2024,3870,19,6,"52,44"
Facebook,atr_leads | promo - creta [CBO] 2,RMKT,22/07/2024,3385,22,4,"78,57"
Facebook,atr_leads | promo - hb20 (CBO) 2,LAL Compradores 1%,22/07/2024,4977,29,5,"80,86"
Facebook,atr_leads | Genérica [CBO],LAL 1% COMPRADORES,21/07/2024,3299,32,5,"53,74"
Facebook,atr_leads | Promo HR [CBO],VUC,21/07/2024,3875,10,1,"53,66"
Facebook,atr_leads | avalie o seu usado [CBO] 2,LAL 1% COMPRADORES — AJUSTADO,21/07/2024,3371,25,1,"53,35"
Facebook,atr_leads | promo - creta [CBO] 2,RMKT,21/07/2024,3393,28,7,"81,01"
Facebook,atr_leads | promo - hb20 (CBO) 2,LAL Compradores 1%,21/07/2024,4442,20,7,"79,64"
Facebook,atr_leads | Genérica [CBO],LAL 1% COMPRADORES,20/07/2024,2937,38,2,"44,26"
Facebook,atr_leads | Promo HR [CBO],VUC,20/07/2024,2953,18,1,"45,43"
Facebook,atr_leads | avalie o seu usado [CBO] 2,LAL 1% COMPRADORES — AJUSTADO,20/07/2024,2484,10,,"45,52"
Facebook,atr_leads | promo - creta [CBO] 2,RMKT,20/07/2024,2569,25,1,"70,57"
Facebook,atr_leads | promo - hb20 (CBO) 2,LAL Compradores 1%,20/07/2024,3986,33,5,69
Facebook,atr_leads | Genérica [CBO],LAL 1% COMPRADORES,19/07/2024,2353,30,9,"47,34"
Facebook,atr_leads | Promo HR [CBO],VUC,19/07/2024,3480,9,1,"46,02"
Facebook,atr_leads | avalie o seu usado [CBO] 2,LAL 1% COMPRADORES — AJUSTADO,19/07/2024,3001,14,2,"47,68"
Facebook,atr_leads | promo - creta [CBO] 2,RMKT,19/07/2024,3191,7,,"70,5"
Facebook,atr_leads | promo - hb20 (CBO) 2,LAL Compradores 1%,19/07/2024,2548,8,2,"71,08"
Facebook,atr_leads | Genérica [CBO],LAL 1% COMPRADORES,18/07/2024,2436,25,2,"50,3"
Facebook,atr_leads | Promo HR [CBO],VUC,18/07/2024,3537,7,2,"50,99"
Facebook,atr_leads | avalie o seu usado [CBO] 2,LAL 1% COMPRADORES — AJUSTADO,18/07/2024,4189,12,,"49,37"
Facebook,atr_leads | promo - creta [CBO] 2,RMKT,18/07/2024,4086,13,3,"73,33"
Facebook,atr_leads | promo - hb20 (CBO) 2,LAL Compradores 1%,18/07/2024,2875,20,4,"74,7"
Facebook,atr_leads | Genérica [CBO],LAL 1% COMPRADORES,17/07/2024,2779,15,3,"50,04"
Facebook,atr_leads | Promo HR [CBO],VUC,17/07/2024,3234,12,1,"50,74"
Facebook,atr_leads | avalie o seu usado [CBO] 2,LAL 1% COMPRADORES — AJUSTADO,17/07/2024,5464,24,4,"50,54"
Facebook,atr_leads | promo - creta [CBO] 2,Int. Auto + Pais +30 AB,17/07/2024,571,3,1,"14,3"
Facebook,atr_leads | promo - creta [CBO] 2,RMKT,17/07/2024,2564,16,3,"59,41"
Facebook,atr_leads | promo - hb20 (CBO) 2,LAL Compradores 1%,17/07/2024,3164,32,5,"74,14"
Facebook,atr_leads | Genérica [CBO],LAL 1% COMPRADORES,16/07/2024,2649,20,1,"50,69"
Facebook,atr_leads | Promo HR [CBO],VUC,16/07/2024,3645,12,1,"50,39"
Facebook,atr_leads | avalie o seu usado [CBO] 2,LAL 1% COMPRADORES — AJUSTADO,16/07/2024,3397,21,2,"50,78"
Facebook,atr_leads | promo - creta [CBO] 2,Int. Auto + Pais +30 AB,16/07/2024,1366,12,3,"37,02"
Facebook,atr_leads | promo - creta [CBO] 2,RMKT,16/07/2024,2052,18,1,"39,49"
Facebook,atr_leads | promo - hb20 (CBO) 2,LAL Compradores 1%,16/07/2024,3535,20,2,"75,48"
Facebook,atr_leads | Genérica [CBO],LAL 1% COMPRADORES,15/07/2024,2813,19,3,"52,49"
Facebook,atr_leads | Promo HR [CBO],VUC,15/07/2024,2433,7,1,"51,94"
Facebook,atr_leads | avalie o seu usado [CBO] 2,LAL 1% COMPRADORES — AJUSTADO,15/07/2024,2939,24,5,"52,17"
Facebook,atr_leads | promo - creta [CBO] 2,Int. Auto + Pais +30 AB,15/07/2024,825,9,1,"15,89"
Facebook,atr_leads | promo - creta [CBO] 2,RMKT,15/07/2024,2787,19,4,"62,95"
Facebook,atr_leads | promo - hb20 (CBO) 2,LAL Compradores 1%,15/07/2024,4967,20,3,"78,96"
Facebook,atr_leads | Genérica [CBO],LAL 1% COMPRADORES,14/07/2024,2458,24,5,"54,86"
Facebook,atr_leads | Promo HR [CBO],VUC,14/07/2024,1784,6,1,"54,48"
Facebook,atr_leads | avalie o seu usado [CBO] 2,LAL 1% COMPRADORES — AJUSTADO,14/07/2024,3243,24,4,"53,88"
Facebook,atr_leads | promo - creta [CBO] 2,Int. Auto + Pais +30 AB,14/07/2024,2001,4,,"40,6"
Facebook,atr_leads | promo - creta [CBO] 2,RMKT,14/07/2024,1993,16,4,"40,6"
Facebook,atr_leads | promo - hb20 (CBO) 2,LAL Compradores 1%,14/07/2024,4580,20,2,"81,64"
Facebook,atr_leads | Genérica [CBO],LAL 1% COMPRADORES,13/07/2024,1875,24,10,"45,95"
Facebook,atr_leads | Promo HR [CBO],VUC,13/07/2024,2606,6,2,"55,97"
Facebook,atr_leads | avalie o seu usado [CBO] 2,LAL 1% COMPRADORES — AJUSTADO,13/07/2024,2485,17,3,"46,65"
Facebook,atr_leads | promo - creta [CBO] 2,Int. Auto + Pais +30 AB,13/07/2024,994,8,3,"19,97"
Facebook,atr_leads | promo - creta [CBO] 2,RMKT,13/07/2024,2218,9,1,"48,33"
Facebook,atr_leads | promo - hb20 (CBO) 2,LAL Compradores 1%,13/07/2024,3774,18,2,"68,78"
Facebook,atr_leads | Genérica [CBO],LAL 1% COMPRADORES,12/07/2024,1899,16,6,"48,42"
Facebook,atr_leads | Promo HR [CBO],VUC,12/07/2024,2960,5,,"54,41"
Facebook,atr_leads | avalie o seu usado [CBO] 2,LAL 1% COMPRADORES — AJUSTADO,12/07/2024,2650,27,6,"47,72"
Facebook,atr_leads | promo - creta [CBO] 2,Int. Auto + Pais +30 AB,12/07/2024,707,4,,"15,04"
Facebook,atr_leads | promo - creta [CBO] 2,RMKT,12/07/2024,2873,10,3,"53,78"
Facebook,atr_leads | promo - hb20 (CBO) 2,LAL Compradores 1%,12/07/2024,4492,25,4,"71,28"
Facebook,atr_leads | Genérica [CBO],LAL 1% COMPRADORES,11/07/2024,2120,11,4,"50,11"
Facebook,atr_leads | Promo HR [CBO],VUC,11/07/2024,1390,7,3,"35,64"
Facebook,atr_leads | avalie o seu usado [CBO] 2,LAL 1% COMPRADORES — AJUSTADO,11/07/2024,2562,21,5,"51,21"
Facebook,atr_leads | promo - creta [CBO] 2,Int. Auto + Pais +30 AB,11/07/2024,1872,9,2,"40,77"
Facebook,atr_leads | promo - creta [CBO] 2,LAL  Volvo + Interesses Hyundai,11/07/2024,79,,,"1,67"
Facebook,atr_leads | promo - creta [CBO] 2,RMKT,11/07/2024,1328,9,2,"29,65"
Facebook,atr_leads | promo - hb20 (CBO) 2,LAL Compradores 1%,11/07/2024,4652,18,4,"66,73"
Facebook,atr_leads | promo - hb20 (CBO) 2,RMKT,11/07/2024,260,,,"5,15"
Facebook,atr_leads | Genérica [CBO],LAL 1% COMPRADORES,10/07/2024,1802,20,6,"50,33"
Facebook,atr_leads | Promo HR [CBO],Empresários,10/07/2024,109,,,"4,86"
Facebook,atr_leads | Promo HR [CBO],VUC,10/07/2024,2684,13,5,"50,38"
Facebook,atr_leads | avalie o seu usado [CBO] 2,LAL 1% COMPRADORES — AJUSTADO,10/07/2024,2298,21,9,"51,02"
Facebook,atr_leads | promo - creta [CBO] 2,Int. Auto + Pais +30 AB,10/07/2024,1435,11,1,"39,49"
Facebook,atr_leads | promo - creta [CBO] 2,LAL  Volvo + Interesses Hyundai,10/07/2024,629,3,,"15,1"
Facebook,atr_leads | promo - creta [CBO] 2,RMKT,10/07/2024,1080,3,,"18,88"
Facebook,atr_leads | promo - hb20 (CBO) 2,LAL Compradores 1%,10/07/2024,2944,11,4,"51,92"
Facebook,atr_leads | promo - hb20 (CBO) 2,RMKT,10/07/2024,1098,6,1,"21,27"
Facebook,atr_leads | Genérica [CBO],LAL 1% COMPRADORES,09/07/2024,1810,24,1,"52,78"
Facebook,atr_leads | Promo HR [CBO],Empresários,09/07/2024,374,,,"11,7"
Facebook,atr_leads | Promo HR [CBO],VUC,09/07/2024,2651,8,3,"41,88"
Facebook,atr_leads | avalie o seu usado [CBO] 2,LAL 1% COMPRADORES — AJUSTADO,09/07/2024,2526,20,3,"51,03"
Facebook,atr_leads | promo - creta [CBO] 2,Int. Auto + Pais +30 AB,09/07/2024,1260,8,1,"25,84"
Facebook,atr_leads | promo - creta [CBO] 2,LAL  Volvo + Interesses Hyundai,09/07/2024,205,1,1,"5,83"
Facebook,atr_leads | promo - creta [CBO] 2,RMKT,09/07/2024,2194,16,4,"43,94"
Facebook,atr_leads | promo - hb20 (CBO) 2,LAL Compradores 1%,09/07/2024,3868,14,2,"63,6"
Facebook,atr_leads | promo - hb20 (CBO) 2,RMKT,09/07/2024,772,2,,"10,63"
Facebook,atr_leads | Genérica [CBO],LAL 1% COMPRADORES,08/07/2024,3654,35,7,"78,19"
Facebook,atr_leads | avalie o seu usado [CBO] 2,LAL 1% COMPRADORES — AJUSTADO,08/07/2024,4104,18,,"78,21"
Facebook,atr_leads | promo - creta [CBO] 2,Int. Auto + Pais +30 AB,08/07/2024,13,,,"0,08"
Facebook,atr_leads | promo - creta [CBO] 2,RMKT,08/07/2024,2594,5,1,"63,39"
Facebook,atr_leads | promo - hb20 (CBO) 2,LAL Compradores 1%,08/07/2024,2370,11,3,"41,6"
Facebook,atr_leads | promo - hb20 (CBO) 2,RMKT,08/07/2024,853,1,,"20,92"
Facebook,atr_leads | Genérica [CBO],LAL 1% COMPRADORES,07/07/2024,4942,37,7,"132,13"
Facebook,atr_leads | avalie o seu usado [CBO] 2,LAL 1% COMPRADORES — AJUSTADO,07/07/2024,9114,52,9,"169,44"
Facebook,atr_leads | Genérica [CBO],LAL 1% COMPRADORES,06/07/2024,3624,23,8,"111,08"
Facebook,atr_leads | avalie o seu usado [CBO] 2,LAL 1% COMPRADORES — AJUSTADO,06/07/2024,7224,54,5,"150,12"
Facebook,atr_leads | Genérica [CBO],LAL 1% COMPRADORES,05/07/2024,4163,36,5,"117,74"
Facebook,atr_leads | avalie o seu usado [CBO] 2,LAL 1% COMPRADORES — AJUSTADO,05/07/2024,7989,42,7,"156,44"
Facebook,atr_leads | Genérica [CBO],LAL 1% COMPRADORES,04/07/2024,4427,42,10,"124,88"
Facebook,atr_leads | avalie o seu usado [CBO] 2,LAL 1% COMPRADORES — AJUSTADO,04/07/2024,9452,61,10,"158,95"
Facebook,atr_leads | Genérica [CBO],LAL 1% COMPRADORES,03/07/2024,4389,23,6,"126,41"
Facebook,atr_leads | avalie o seu usado [CBO] 2,LAL 1% COMPRADORES — AJUSTADO,03/07/2024,9684,67,11,"160,69"
Facebook,atr_leads | Genérica [CBO],LAL 1% COMPRADORES,02/07/2024,4385,39,8,"125,25"
Facebook,atr_leads | avalie o seu usado [CBO] 2,LAL 1% COMPRADORES — AJUSTADO,02/07/2024,9928,65,15,"163,05"
Facebook,atr_leads | Genérica [CBO],LAL 1% COMPRADORES,01/07/2024,3588,25,7,"93,62"
Facebook,atr_leads | avalie o seu usado [CBO] 2,LAL 1% COMPRADORES — AJUSTADO,01/07/2024,7322,40,11,"107,19"
Facebook,atr_leads | Genérica [CBO],LAL 1% COMPRADORES,31/08/2024,1622,19,3,"34,25"
Facebook,atr_leads | Genérica [CBO],RMKT,31/08/2024,525,2,,"11,75"
Facebook,atr_leads | promo - hb20 (CBO) 2,LAL Compradores 1%,31/08/2024,1833,9,,"24,18"
Facebook,atr_leads | promo - hb20 (CBO) 2,LAL Compradores 1% — Jaraguá do Sul + 17km,31/08/2024,1688,9,2,"29,57"
Facebook,atr_leads | promo - hb20 (CBO) 2,RMKT,31/08/2024,1778,8,,"25,99"
Facebook,atr_leads | Genérica [CBO],LAL 1% COMPRADORES,30/08/2024,501,2,1,"13,36"
Facebook,atr_leads | Genérica [CBO],RMKT,30/08/2024,127,3,,"2,7"
Facebook,atr_leads | Promo HR [CBO],VUC,30/08/2024,1428,5,,"20,65"
Facebook,atr_leads | promo - creta [CBO] 2,LAL  Volvo + Interesses Hyundai,30/08/2024,1162,10,1,"21,44"
Facebook,atr_leads | promo - creta [CBO] 2,LAL  Volvo + Interesses Hyundai — Jaraguá do Sul + 17km,30/08/2024,673,5,1,"14,58"
Facebook,atr_leads | promo - creta [CBO] 2,RMKT,30/08/2024,566,4,2,"14,78"
Facebook,atr_leads | promo - hb20 (CBO) 2,LAL Compradores 1%,30/08/2024,1181,12,,"19,95"
Facebook,atr_leads | promo - hb20 (CBO) 2,LAL Compradores 1% — Jaraguá do Sul + 17km,30/08/2024,785,5,1,"18,65"
Facebook,atr_leads | promo - hb20 (CBO) 2,RMKT,30/08/2024,1242,9,6,"30,32"
Facebook,atr_leads | Promo HR [CBO],VUC,29/08/2024,1923,6,1,"31,83"
Facebook,atr_leads | promo - creta [CBO] 2,LAL  Volvo + Interesses Hyundai,29/08/2024,1851,21,5,"36,09"
Facebook,atr_leads | promo - creta [CBO] 2,LAL  Volvo + Interesses Hyundai — Jaraguá do Sul + 17km,29/08/2024,806,8,5,"20,17"
Facebook,atr_leads | promo - creta [CBO] 2,RMKT,29/08/2024,590,8,3,"19,54"
Facebook,atr_leads | promo - hb20 (CBO) 2,LAL Compradores 1%,29/08/2024,827,3,1,"20,22"
Facebook,atr_leads | promo - hb20 (CBO) 2,LAL Compradores 1% — Jaraguá do Sul + 17km,29/08/2024,798,11,4,"19,52"
Facebook,atr_leads | promo - hb20 (CBO) 2,RMKT,29/08/2024,1268,11,5,"37,21"
Facebook,atr_leads | Promo HR [CBO],VUC,28/08/2024,2149,8,,"36,5"
Facebook,atr_leads | promo - creta [CBO] 2,LAL  Volvo + Interesses Hyundai,28/08/2024,2032,21,6,"45,82"
Facebook,atr_leads | promo - creta [CBO] 2,LAL  Volvo + Interesses Hyundai — Jaraguá do Sul + 17km,28/08/2024,603,4,3,"14,61"
Facebook,atr_leads | promo - creta [CBO] 2,RMKT,28/08/2024,667,7,3,"19,33"
Facebook,atr_leads | promo - hb20 (CBO) 2,LAL Compradores 1%,28/08/2024,1182,10,3,"35,84"
Facebook,atr_leads | promo - hb20 (CBO) 2,LAL Compradores 1% — Jaraguá do Sul + 17km,28/08/2024,917,3,,"20,28"
Facebook,atr_leads | promo - hb20 (CBO) 2,RMKT,28/08/2024,833,12,5,"26,26"
Facebook,atr_leads | Promo HR [CBO],VUC,27/08/2024,2073,6,2,"35,63"
Facebook,atr_leads | promo - creta [CBO] 2,LAL  Volvo + Interesses Hyundai,27/08/2024,1618,23,7,"39,48"
Facebook,atr_leads | promo - creta [CBO] 2,LAL  Volvo + Interesses Hyundai — Jaraguá do Sul + 17km,27/08/2024,808,15,9,"18,78"
Facebook,atr_leads | promo - creta [CBO] 2,RMKT,27/08/2024,700,9,2,"22,01"
Facebook,atr_leads | promo - hb20 (CBO) 2,LAL Compradores 1%,27/08/2024,979,8,3,"27,52"
Facebook,atr_leads | promo - hb20 (CBO) 2,LAL Compradores 1% — Jaraguá do Sul + 17km,27/08/2024,992,6,2,"26,22"
Facebook,atr_leads | promo - hb20 (CBO) 2,RMKT,27/08/2024,981,12,4,"26,54"
Facebook,atr_leads | Genérica [CBO],LAL 1% COMPRADORES,26/08/2024,316,3,1,"10,14"
Facebook,atr_leads | Genérica [CBO],RMKT,26/08/2024,356,7,2,"9,91"
Facebook,atr_leads | Promo HR [CBO],VUC,26/08/2024,3407,11,,"38,89"
Facebook,atr_leads | promo - creta [CBO] 2,LAL  Volvo + Interesses Hyundai,26/08/2024,2374,24,11,"56,09"
Facebook,atr_leads | promo - creta [CBO] 2,LAL  Volvo + Interesses Hyundai — Jaraguá do Sul + 17km,26/08/2024,952,10,1,"21,9"
Facebook,atr_leads | promo - creta [CBO] 2,RMKT,26/08/2024,783,6,1,"23,37"
Facebook,atr_leads | promo - hb20 (CBO) 2,LAL Compradores 1%,26/08/2024,1194,13,8,"33,42"
Facebook,atr_leads | promo - hb20 (CBO) 2,LAL Compradores 1% — Jaraguá do Sul + 17km,26/08/2024,1290,10,2,"32,35"
Facebook,atr_leads | promo - hb20 (CBO) 2,RMKT,26/08/2024,1760,13,3,"32,91"
Facebook,atr_leads | Genérica [CBO],LAL 1% COMPRADORES,25/08/2024,614,3,1,"21,11"
Facebook,atr_leads | Genérica [CBO],RMKT,25/08/2024,557,7,1,"16,29"
Facebook,atr_leads | Promo HR [CBO],VUC,25/08/2024,6867,17,1,"47,06"
Facebook,atr_leads | promo - creta [CBO] 2,LAL  Volvo + Interesses Hyundai,25/08/2024,3313,26,7,"70,9"
Facebook,atr_leads | promo - creta [CBO] 2,LAL  Volvo + Interesses Hyundai — Jaraguá do Sul + 17km,25/08/2024,1079,6,1,"20,39"
Facebook,atr_leads | promo - creta [CBO] 2,RMKT,25/08/2024,844,6,2,"24,19"
Facebook,atr_leads | promo - hb20 (CBO) 2,LAL Compradores 1%,25/08/2024,1609,15,4,"34,07"
Facebook,atr_leads | promo - hb20 (CBO) 2,LAL Compradores 1% — Jaraguá do Sul + 17km,25/08/2024,1667,14,4,"35,63"
Facebook,atr_leads | promo - hb20 (CBO) 2,RMKT,25/08/2024,3102,16,2,"43,45"
Facebook,atr_leads | Genérica [CBO],LAL 1% COMPRADORES,24/08/2024,474,6,1,"12,89"
Facebook,atr_leads | Genérica [CBO],RMKT,24/08/2024,534,10,3,"16,71"
Facebook,atr_leads | Promo HR [CBO],VUC,24/08/2024,4331,21,1,"40,48"
Facebook,atr_leads | promo - creta [CBO] 2,LAL  Volvo + Interesses Hyundai,24/08/2024,3542,30,8,"70,84"
Facebook,atr_leads | promo - creta [CBO] 2,LAL  Volvo + Interesses Hyundai — Jaraguá do Sul + 17km,24/08/2024,916,11,6,"20,41"
Facebook,atr_leads | promo - creta [CBO] 2,RMKT,24/08/2024,921,9,1,"20,95"
Facebook,atr_leads | promo - hb20 (CBO) 2,LAL Compradores 1%,24/08/2024,4350,38,10,"97,58"
Facebook,atr_leads | promo - hb20 (CBO) 2,LAL Compradores 1% — Jaraguá do Sul + 17km,24/08/2024,2282,29,7,"52,32"
Facebook,atr_leads | promo - hb20 (CBO) 2,RMKT,24/08/2024,1718,11,4,"39,96"
Facebook,atr_leads | Genérica [CBO],LAL 1% COMPRADORES,23/08/2024,537,6,1,"16,68"
Facebook,atr_leads | Genérica [CBO],RMKT,23/08/2024,608,7,2,"16,46"
Facebook,atr_leads | Promo HR [CBO],VUC,23/08/2024,4001,10,1,"44,46"
Facebook,atr_leads | promo - creta [CBO] 2,LAL  Volvo + Interesses Hyundai,23/08/2024,4208,23,6,"66,6"
Facebook,atr_leads | promo - creta [CBO] 2,LAL  Volvo + Interesses Hyundai — Jaraguá do Sul + 17km,23/08/2024,1173,9,,"20,75"
Facebook,atr_leads | promo - creta [CBO] 2,RMKT,23/08/2024,996,3,1,"21,13"
Facebook,atr_leads | Genérica [CBO],LAL 1% COMPRADORES,22/08/2024,758,9,3,"21,91"
Facebook,atr_leads | Genérica [CBO],RMKT,22/08/2024,428,5,2,"12,23"
Facebook,atr_leads | Promo HR [CBO],VUC,22/08/2024,4582,14,,"44,04"
Facebook,atr_leads | promo - creta [CBO] 2,LAL  Volvo + Interesses Hyundai,22/08/2024,2370,18,6,"38,73"
Facebook,atr_leads | promo - creta [CBO] 2,LAL  Volvo + Interesses Hyundai — Jaraguá do Sul + 17km,22/08/2024,1071,3,,"19,39"
Facebook,atr_leads | promo - creta [CBO] 2,RMKT,22/08/2024,1412,11,3,"32,45"
Facebook,atr_leads | promo - hb20 (CBO) 2,LAL Compradores 1%,22/08/2024,970,12,4,"23,85"
Facebook,atr_leads | promo - hb20 (CBO) 2,LAL Compradores 1% — Jaraguá do Sul + 17km,22/08/2024,1119,13,3,"23,22"
Facebook,atr_leads | promo - hb20 (CBO) 2,RMKT,22/08/2024,1294,11,2,"29,22"
Facebook,atr_leads | Genérica [CBO],LAL 1% COMPRADORES,21/08/2024,527,4,1,"18,47"
Facebook,atr_leads | Genérica [CBO],RMKT,21/08/2024,445,7,2,"16,48"
Facebook,atr_leads | Promo HR [CBO],VUC,21/08/2024,5622,16,2,"44,83"
Facebook,atr_leads | promo - creta [CBO] 2,LAL  Volvo + Interesses Hyundai,21/08/2024,2855,22,7,"55,52"
Facebook,atr_leads | promo - creta [CBO] 2,LAL  Volvo + Interesses Hyundai — Jaraguá do Sul + 17km,21/08/2024,1146,8,3,"20,37"
Facebook,atr_leads | promo - creta [CBO] 2,RMKT,21/08/2024,1564,16,7,"33,76"
Facebook,atr_leads | promo - hb20 (CBO) 2,LAL Compradores 1%,21/08/2024,1530,20,6,"31,32"
Facebook,atr_leads | promo - hb20 (CBO) 2,LAL Compradores 1% — Jaraguá do Sul + 17km,21/08/2024,1564,14,5,"32,01"
Facebook,atr_leads | promo - hb20 (CBO) 2,RMKT,21/08/2024,2043,13,5,"45,38"
Facebook,atr_leads | Genérica [CBO],LAL 1% COMPRADORES,20/08/2024,622,3,2,"22,02"
Facebook,atr_leads | Genérica [CBO],RMKT,20/08/2024,459,9,1,"15,42"
Facebook,atr_leads | Promo HR [CBO],VUC,20/08/2024,4843,17,2,"46,3"
Facebook,atr_leads | promo - creta [CBO] 2,LAL  Volvo + Interesses Hyundai,20/08/2024,3145,40,11,"64,86"
Facebook,atr_leads | promo - creta [CBO] 2,LAL  Volvo + Interesses Hyundai — Jaraguá do Sul + 17km,20/08/2024,1115,13,3,"20,82"
Facebook,atr_leads | promo - creta [CBO] 2,RMKT,20/08/2024,1341,10,7,"31,68"
Facebook,atr_leads | promo - hb20 (CBO) 2,LAL Compradores 1%,20/08/2024,1460,19,3,"31,55"
Facebook,atr_leads | promo - hb20 (CBO) 2,LAL Compradores 1% — Jaraguá do Sul + 17km,20/08/2024,1520,18,4,"32,38"
Facebook,atr_leads | promo - hb20 (CBO) 2,RMKT,20/08/2024,2101,17,4,"47,35"
Facebook,atr_leads | Genérica [CBO],LAL 1% COMPRADORES,19/08/2024,907,8,,"23,81"
Facebook,atr_leads | Genérica [CBO],RMKT,19/08/2024,575,5,1,"14,85"
Facebook,atr_leads | Promo HR [CBO],VUC,19/08/2024,3334,12,1,"47,21"
Facebook,atr_leads | promo - creta [CBO] 2,LAL  Volvo + Interesses Hyundai,19/08/2024,3870,40,13,"67,29"
Facebook,atr_leads | promo - creta [CBO] 2,LAL  Volvo + Interesses Hyundai — Jaraguá do Sul + 17km,19/08/2024,1174,11,5,"18,12"
Facebook,atr_leads | promo - creta [CBO] 2,RMKT,19/08/2024,1658,17,9,"30,37"
Facebook,atr_leads | promo - hb20 (CBO) 2,LAL Compradores 1%,19/08/2024,1536,11,2,"27,14"
Facebook,atr_leads | promo - hb20 (CBO) 2,LAL Compradores 1% — Jaraguá do Sul + 17km,19/08/2024,1942,14,2,"28,22"
Facebook,atr_leads | promo - hb20 (CBO) 2,RMKT,19/08/2024,3013,26,8,"60,6"
Facebook,atr_leads | Genérica [CBO],LAL 1% COMPRADORES,18/08/2024,636,11,1,"18,84"
Facebook,atr_leads | Genérica [CBO],RMKT,18/08/2024,692,7,2,18
Facebook,atr_leads | Promo HR [CBO],VUC,18/08/2024,2348,6,1,"47,53"
Facebook,atr_leads | promo - creta [CBO] 2,LAL  Volvo + Interesses Hyundai,18/08/2024,2944,24,9,"59,65"
Facebook,atr_leads | promo - creta [CBO] 2,LAL  Volvo + Interesses Hyundai — Jaraguá do Sul + 17km,18/08/2024,1115,14,1,"19,92"
Facebook,atr_leads | promo - creta [CBO] 2,RMKT,18/08/2024,1814,9,2,"36,39"
Facebook,atr_leads | promo - hb20 (CBO) 2,LAL Compradores 1%,18/08/2024,1725,17,3,"30,57"
Facebook,atr_leads | promo - hb20 (CBO) 2,LAL Compradores 1% — Jaraguá do Sul + 17km,18/08/2024,2024,24,6,"31,19"
Facebook,atr_leads | promo - hb20 (CBO) 2,RMKT,18/08/2024,2456,23,7,"55,35"
Facebook,atr_leads | Genérica [CBO],LAL 1% COMPRADORES,17/08/2024,603,6,1,"14,79"
Facebook,atr_leads | Genérica [CBO],RMKT,17/08/2024,580,7,1,"14,7"
Facebook,atr_leads | Promo HR [CBO],VUC,17/08/2024,1924,4,,"44,09"
Facebook,atr_leads | promo - creta [CBO] 2,LAL  Volvo + Interesses Hyundai,17/08/2024,2175,30,8,"46,95"
Facebook,atr_leads | promo - creta [CBO] 2,LAL  Volvo + Interesses Hyundai — Jaraguá do Sul + 17km,17/08/2024,1186,7,5,"20,64"
Facebook,atr_leads | promo - creta [CBO] 2,RMKT,17/08/2024,1881,18,7,"40,03"
Facebook,atr_leads | promo - hb20 (CBO) 2,LAL Compradores 1%,17/08/2024,1456,18,7,"30,88"
Facebook,atr_leads | promo - hb20 (CBO) 2,LAL Compradores 1% — Jaraguá do Sul + 17km,17/08/2024,1894,11,3,"30,6"
Facebook,atr_leads | promo - hb20 (CBO) 2,RMKT,17/08/2024,2137,14,7,"45,96"
Facebook,atr_leads | Genérica [CBO],LAL 1% COMPRADORES,16/08/2024,599,5,1,"16,95"
Facebook,atr_leads | Genérica [CBO],RMKT,16/08/2024,524,5,1,"18,26"
Facebook,atr_leads | Promo HR [CBO],VUC,16/08/2024,2237,3,,"45,85"
Facebook,atr_leads | promo - creta [CBO] 2,LAL  Volvo + Interesses Hyundai,16/08/2024,2142,20,9,"50,2"
Facebook,atr_leads | promo - creta [CBO] 2,LAL  Volvo + Interesses Hyundai — Jaraguá do Sul + 17km,16/08/2024,981,8,2,"21,85"
Facebook,atr_leads | promo - creta [CBO] 2,RMKT,16/08/2024,1529,9,3,"40,38"
Facebook,atr_leads | promo - hb20 (CBO) 2,LAL Compradores 1%,16/08/2024,1203,11,4,"31,98"
Facebook,atr_leads | promo - hb20 (CBO) 2,LAL Compradores 1% — Jaraguá do Sul + 17km,16/08/2024,1408,17,7,"30,65"
Facebook,atr_leads | promo - hb20 (CBO) 2,RMKT,16/08/2024,1890,15,8,"49,66"
Facebook,atr_leads | Genérica [CBO],LAL 1% COMPRADORES,15/08/2024,718,7,1,"18,57"
Facebook,atr_leads | Genérica [CBO],RMKT,15/08/2024,660,8,1,"17,26"
Facebook,atr_leads | promo - creta [CBO] 2,LAL  Volvo + Interesses Hyundai,15/08/2024,2798,23,8,"69,78"
Facebook,atr_leads | promo - creta [CBO] 2,LAL  Volvo + Interesses Hyundai — Jaraguá do Sul + 17km,15/08/2024,804,1,2,"20,15"
Facebook,atr_leads | promo - creta [CBO] 2,RMKT,15/08/2024,1448,15,6,"40,01"
Facebook,atr_leads | promo - hb20 (CBO) 2,LAL Compradores 1%,15/08/2024,1268,11,3,"31,34"
Facebook,atr_leads | promo - hb20 (CBO) 2,LAL Compradores 1% — Jaraguá do Sul + 17km,15/08/2024,1690,15,3,"31,85"
Facebook,atr_leads | promo - hb20 (CBO) 2,RMKT,15/08/2024,2579,23,9,"67,1"
Facebook,atr_leads | Genérica [CBO],LAL 1% COMPRADORES,14/08/2024,536,6,2,"15,54"
Facebook,atr_leads | Genérica [CBO],RMKT,14/08/2024,524,2,1,"19,13"
Facebook,atr_leads | promo - creta [CBO] 2,LAL  Volvo + Interesses Hyundai,14/08/2024,2413,22,6,"59,48"
Facebook,atr_leads | promo - creta [CBO] 2,LAL  Volvo + Interesses Hyundai — Jaraguá do Sul + 17km,14/08/2024,779,1,,"21,87"
Facebook,atr_leads | promo - creta [CBO] 2,RMKT,14/08/2024,1554,17,5,"49,54"
Facebook,atr_leads | promo - hb20 (CBO) 2,LAL Compradores 1%,14/08/2024,1297,19,5,"31,38"
Facebook,atr_leads | promo - hb20 (CBO) 2,LAL Compradores 1% — Jaraguá do Sul + 17km,14/08/2024,1387,11,1,"33,74"
Facebook,atr_leads | promo - hb20 (CBO) 2,RMKT,14/08/2024,2638,20,9,"67,92"
Facebook,atr_leads | Genérica [CBO],LAL 1% COMPRADORES,13/08/2024,506,4,,"18,47"
Facebook,atr_leads | Genérica [CBO],RMKT,13/08/2024,500,4,1,"18,26"
Facebook,atr_leads | promo - creta [CBO] 2,LAL  Volvo + Interesses Hyundai,13/08/2024,2310,28,11,"75,48"
Facebook,atr_leads | promo - creta [CBO] 2,LAL  Volvo + Interesses Hyundai — Jaraguá do Sul + 17km,13/08/2024,879,6,2,"21,33"
Facebook,atr_leads | promo - creta [CBO] 2,RMKT,13/08/2024,1189,16,5,"39,87"
Facebook,atr_leads | promo - hb20 (CBO) 2,LAL Compradores 1%,13/08/2024,1218,11,4,"34,8"
Facebook,atr_leads | promo - hb20 (CBO) 2,LAL Compradores 1% — Jaraguá do Sul + 17km,13/08/2024,1424,25,4,"33,94"
Facebook,atr_leads | promo - hb20 (CBO) 2,RMKT,13/08/2024,2585,24,9,"68,78"
Facebook,atr_leads | Genérica [CBO],LAL 1% COMPRADORES,12/08/2024,1184,12,4,"38,22"
Facebook,atr_leads | Genérica [CBO],RMKT,12/08/2024,990,11,2,"29,87"
Facebook,atr_leads | promo - creta [CBO] 2,LAL  Volvo + Interesses Hyundai,12/08/2024,2762,24,6,"44,32"
Facebook,atr_leads | promo - creta [CBO] 2,LAL  Volvo + Interesses Hyundai — Jaraguá do Sul + 17km,12/08/2024,2101,16,7,"52,19"
Facebook,atr_leads | promo - creta [CBO] 2,RMKT,12/08/2024,1312,13,1,"29,25"
Facebook,atr_leads | promo - hb20 (CBO) 2,LAL Compradores 1%,12/08/2024,1116,16,5,"28,47"
Facebook,atr_leads | promo - hb20 (CBO) 2,LAL Compradores 1% — Jaraguá do Sul + 17km,12/08/2024,1634,19,1,"31,08"
Facebook,atr_leads | promo - hb20 (CBO) 2,RMKT,12/08/2024,2328,26,12,"66,25"
Facebook,atr_leads | Genérica [CBO],LAL 1% COMPRADORES,11/08/2024,1642,9,3,"49,2"
Facebook,atr_leads | Genérica [CBO],RMKT,11/08/2024,1158,5,1,"26,23"
Facebook,atr_leads | promo - creta [CBO] 2,LAL  Volvo + Interesses Hyundai,11/08/2024,2654,14,2,"31,58"
Facebook,atr_leads | promo - creta [CBO] 2,LAL  Volvo + Interesses Hyundai — Jaraguá do Sul + 17km,11/08/2024,2999,18,4,"68,64"
Facebook,atr_leads | promo - creta [CBO] 2,RMKT,11/08/2024,1215,10,,"20,02"
Facebook,atr_leads | promo - hb20 (CBO) 2,LAL Compradores 1%,11/08/2024,1433,19,5,"31,56"
Facebook,atr_leads | promo - hb20 (CBO) 2,LAL Compradores 1% — Jaraguá do Sul + 17km,11/08/2024,1901,21,5,"33,85"
Facebook,atr_leads | promo - hb20 (CBO) 2,RMKT,11/08/2024,2053,11,2,"59,5"
Facebook,atr_leads | Genérica [CBO],LAL 1% COMPRADORES,10/08/2024,1461,14,1,"40,72"
Facebook,atr_leads | Genérica [CBO],RMKT,10/08/2024,1267,15,2,"26,84"
Facebook,atr_leads | promo - creta [CBO] 2,LAL  Volvo + Interesses Hyundai,10/08/2024,1100,6,1,"21,37"
Facebook,atr_leads | promo - creta [CBO] 2,LAL  Volvo + Interesses Hyundai — Jaraguá do Sul + 17km,10/08/2024,514,6,4,"21,5"
Facebook,atr_leads | promo - creta [CBO] 2,RMKT,10/08/2024,2537,24,8,"66,86"
Facebook,atr_leads | promo - hb20 (CBO) 2,LAL Compradores 1%,10/08/2024,984,9,,"32,64"
Facebook,atr_leads | promo - hb20 (CBO) 2,LAL Compradores 1% — Jaraguá do Sul + 17km,10/08/2024,1412,17,2,"34,54"
Facebook,atr_leads | promo - hb20 (CBO) 2,RMKT,10/08/2024,1526,25,9,"50,83"
Facebook,atr_leads | Genérica [CBO],LAL 1% COMPRADORES,09/08/2024,1947,9,3,"45,37"
Facebook,atr_leads | Genérica [CBO],RMKT,09/08/2024,1173,10,,"23,04"
Facebook,atr_leads | promo - creta [CBO] 2,Int. Auto + Pais +30 AB,09/08/2024,464,5,1,"13,32"
Facebook,atr_leads | promo - creta [CBO] 2,LAL  Volvo + Interesses Hyundai,09/08/2024,786,10,3,"20,63"
Facebook,atr_leads | promo - creta [CBO] 2,LAL  Volvo + Interesses Hyundai — Jaraguá do Sul + 17km,09/08/2024,425,5,2,"21,25"
Facebook,atr_leads | promo - creta [CBO] 2,RMKT,09/08/2024,2504,40,12,"68,09"
Facebook,atr_leads | promo - hb20 (CBO) 2,LAL Compradores 1%,09/08/2024,1195,6,1,"31,84"
Facebook,atr_leads | promo - hb20 (CBO) 2,LAL Compradores 1% — Jaraguá do Sul + 17km,09/08/2024,1425,15,5,"37,6"
Facebook,atr_leads | promo - hb20 (CBO) 2,RMKT,09/08/2024,1263,21,6,"45,37"
Facebook,atr_leads | Genérica [CBO],LAL 1% COMPRADORES,08/08/2024,4436,36,7,"98,2"
Facebook,atr_leads | Genérica [CBO],RMKT,08/08/2024,1635,17,6,"35,89"
Facebook,atr_leads | avalie o seu usado [CBO] 2,LAL 1% COMPRADORES — AJUSTADO,08/08/2024,5398,35,2,"123,64"
Facebook,atr_leads | promo - creta [CBO] 2,Int. Auto + Pais +30 AB,08/08/2024,250,,,"5,43"
Facebook,atr_leads | promo - creta [CBO] 2,LAL  Volvo + Interesses Hyundai,08/08/2024,94,,,"2,07"
Facebook,atr_leads | promo - creta [CBO] 2,LAL  Volvo + Interesses Hyundai — Jaraguá do Sul + 17km,08/08/2024,53,1,,"1,46"
Facebook,atr_leads | promo - creta [CBO] 2,RMKT,08/08/2024,187,,,"5,51"
Facebook,atr_leads | promo - hb20 (CBO) 2,LAL Compradores 1%,08/08/2024,172,1,,"4,01"
Facebook,atr_leads | promo - hb20 (CBO) 2,LAL Compradores 1% — Jaraguá do Sul + 17km,08/08/2024,196,1,1,"4,2"
Facebook,atr_leads | promo - hb20 (CBO) 2,RMKT,08/08/2024,153,,,"5,11"
Facebook,atr_leads | Genérica [CBO],LAL 1% COMPRADORES,07/08/2024,5864,40,4,"132,48"
Facebook,atr_leads | Genérica [CBO],RMKT,07/08/2024,630,5,2,"15,45"
Facebook,atr_leads | avalie o seu usado [CBO] 2,LAL 1% COMPRADORES — AJUSTADO,07/08/2024,6530,34,5,"153,6"
Facebook,atr_leads | Genérica [CBO],LAL 1% COMPRADORES,06/08/2024,6258,49,3,"157,31"
Facebook,atr_leads | Genérica [CBO],RMKT,06/08/2024,34,,,"1,17"
Facebook,atr_leads | avalie o seu usado [CBO] 2,LAL 1% COMPRADORES — AJUSTADO,06/08/2024,7587,29,4,"148,66"
Facebook,atr_leads | Genérica [CBO],LAL 1% COMPRADORES,05/08/2024,6299,52,4,"158,06"
Facebook,atr_leads | avalie o seu usado [CBO] 2,LAL 1% COMPRADORES — AJUSTADO,05/08/2024,8873,49,8,"158,13"
Facebook,atr_leads | promo - hb20 (CBO) 2,LAL Compradores 1%,05/08/2024,,,1,
Facebook,atr_leads | Genérica [CBO],LAL 1% COMPRADORES,04/08/2024,7149,46,3,"159,77"
Facebook,atr_leads | avalie o seu usado [CBO] 2,LAL 1% COMPRADORES — AJUSTADO,04/08/2024,8698,47,4,"157,86"
Facebook,atr_leads | Genérica [CBO],LAL 1% COMPRADORES,03/08/2024,6037,57,7,"144,83"
Facebook,atr_leads | avalie o seu usado [CBO] 2,LAL 1% COMPRADORES — AJUSTADO,03/08/2024,8187,33,7,"147,25"
Facebook,atr_leads | promo - hb20 (CBO) 2,LAL Compradores 1%,03/08/2024,,,1,
Facebook,atr_leads | Genérica [CBO],LAL 1% COMPRADORES,02/08/2024,7223,52,7,"139,25"
Facebook,atr_leads | avalie o seu usado [CBO] 2,LAL 1% COMPRADORES — AJUSTADO,02/08/2024,8602,46,5,"139,06"
Facebook,atr_leads | Genérica [CBO],LAL 1% COMPRADORES,01/08/2024,7693,63,12,"147,27"
Facebook,atr_leads | avalie o seu usado [CBO] 2,LAL 1% COMPRADORES — AJUSTADO,01/08/2024,10719,34,8,"145,08"
Facebook,atr_leads | promo - creta [CBO] 2,RMKT,01/08/2024,,,1,
Google,atr_search | Blumenau,HB20,01/06/2024,18,8,0,"12,4"
Google,atr_search | Jaraguá do Sul,HB20,01/06/2024,1,0,0,0
Google,atr_search | marca,HB20,01/06/2024,247,22,0,"24,96"
Google,atr_search | Blumenau,Loja,02/06/2024,14,5,0,"9,91"
Google,atr_search | Jaraguá do Sul,Loja,02/06/2024,5,1,0,"0,45"
Google,atr_search | marca,Loja,02/06/2024,224,26,0,"31,42"
Google,atr_search | Blumenau,HB20,03/06/2024,34,7,0,"10,18"
Google,atr_search | Jaraguá do Sul,HB20,03/06/2024,10,1,0,"0,62"
Google,atr_search | marca,HB20,03/06/2024,178,15,0,"15,62"
Google,atr_search | Blumenau,Creta,04/06/2024,6,3,0,"3,52"
Google,atr_search | marca,Creta,04/06/2024,37,5,0,"6,1"
Google,atr_search | Blumenau,Creta,05/06/2024,36,5,0,"6,83"
Google,atr_search | Jaraguá do Sul,Creta,05/06/2024,6,0,0,0
Google,atr_search | Joinville,Creta,05/06/2024,1,0,0,0
Google,atr_search | marca,Creta,05/06/2024,233,21,1,"35,45"
Google,atr_search | Blumenau,Loja,06/06/2024,26,3,0,"3,31"
Google,atr_search | Jaraguá do Sul,Loja,06/06/2024,4,0,0,0
Google,atr_search | Joinville,Loja,06/06/2024,46,10,1,"20,8"
Google,atr_search | marca,Loja,06/06/2024,225,23,1,"25,22"
Google,atr_search | Blumenau,HB20,07/06/2024,40,6,1,"8,06"
Google,atr_search | Jaraguá do Sul,HB20,07/06/2024,10,1,0,"0,5"
Google,atr_search | Joinville,HB20,07/06/2024,42,7,0,"9,44"
Google,atr_search | marca,HB20,07/06/2024,253,24,1,"26,65"
Google,atr_search | Blumenau,HB20,08/06/2024,33,2,0,"4,02"
Google,atr_search | Jaraguá do Sul,HB20,08/06/2024,10,2,0,"3,5"
Google,atr_search | Joinville,HB20,08/06/2024,26,2,0,"2,07"
Google,atr_search | marca,HB20,08/06/2024,232,20,3,"24,86"
Google,atr_search | Blumenau,Loja,09/06/2024,19,2,0,"2,69"
Google,atr_search | Jaraguá do Sul,Loja,09/06/2024,9,2,0,"2,24"
Google,atr_search | Joinville,Loja,09/06/2024,17,4,1,"5,81"
Google,atr_search | marca,Loja,09/06/2024,259,28,1,"40,58"
Google,atr_search | Blumenau,HB20,10/06/2024,68,12,0,"15,29"
Google,atr_search | Jaraguá do Sul,HB20,10/06/2024,11,4,1,"4,52"
Google,atr_search | Joinville,HB20,10/06/2024,68,10,1,"12,19"
Google,atr_search | marca,HB20,10/06/2024,348,41,1,"48,57"
Google,atr_search | Blumenau,Creta,11/06/2024,41,4,0,"4,67"
Google,atr_search | Jaraguá do Sul,Creta,11/06/2024,14,4,1,"5,56"
Google,atr_search | Joinville,Creta,11/06/2024,29,9,1,"13,02"
Google,atr_search | marca,Creta,11/06/2024,124,14,3,"29,41"
Google,atr_search | Blumenau,Creta,12/06/2024,59,4,0,"13,38"
Google,atr_search | Jaraguá do Sul,Creta,12/06/2024,27,10,1,"14,67"
Google,atr_search | Joinville,Creta,12/06/2024,53,8,0,"10,51"
Google,atr_search | marca,Creta,12/06/2024,119,23,2,"61,23"
Google,atr_search | Blumenau,Loja,13/06/2024,127,19,1,"55,9"
Google,atr_search | Jaraguá do Sul,Loja,13/06/2024,21,6,1,"9,38"
Google,atr_search | Joinville,Loja,13/06/2024,54,5,1,"8,86"
Google,atr_search | marca,Loja,13/06/2024,82,19,3,"43,42"
Google,atr_search | Blumenau,HB20,14/06/2024,126,16,2,"71,83"
Google,atr_search | Jaraguá do Sul,HB20,14/06/2024,28,4,0,"8,47"
Google,atr_search | Joinville,HB20,14/06/2024,51,11,2,"23,46"
Google,atr_search | marca,HB20,14/06/2024,73,20,4,"47,16"
Google,atr_search | Blumenau,HB20,15/06/2024,89,11,0,"50,9"
Google,atr_search | Jaraguá do Sul,HB20,15/06/2024,16,3,1,"5,26"
Google,atr_search | Joinville,HB20,15/06/2024,20,5,0,"7,74"
Google,atr_search | marca,HB20,15/06/2024,113,21,2,"37,83"
Google,atr_search | Blumenau,Loja,16/06/2024,61,12,0,"64,5"
Google,atr_search | Jaraguá do Sul,Loja,16/06/2024,13,3,0,"4,11"
Google,atr_search | Joinville,Loja,16/06/2024,16,6,0,"7,88"
Google,atr_search | marca,Loja,16/06/2024,92,15,1,"25,45"
Google,atr_search | Blumenau,HB20,17/06/2024,76,16,0,"79,88"
Google,atr_search | Jaraguá do Sul,HB20,17/06/2024,26,4,1,"7,85"
Google,atr_search | Joinville,HB20,17/06/2024,60,14,3,"30,18"
Google,atr_search | marca,HB20,17/06/2024,105,15,1,"37,84"
Google,atr_search | Blumenau,Creta,18/06/2024,78,12,0,"79,98"
Google,atr_search | Jaraguá do Sul,Creta,18/06/2024,18,3,2,"6,33"
Google,atr_search | Joinville,Creta,18/06/2024,34,7,0,"8,7"
Google,atr_search | marca,Creta,18/06/2024,112,18,0,"36,98"
Google,atr_search | Blumenau,Creta,19/06/2024,125,13,0,"79,91"
Google,atr_search | Jaraguá do Sul,Creta,19/06/2024,33,5,2,"10,83"
Google,atr_search | Joinville,Creta,19/06/2024,41,11,1,"19,09"
Google,atr_search | marca,Creta,19/06/2024,105,18,2,"32,93"
Google,atr_search | Blumenau,Loja,20/06/2024,62,9,0,"79,99"
Google,atr_search | Jaraguá do Sul,Loja,20/06/2024,35,11,3,"19,25"
Google,atr_search | Joinville,Loja,20/06/2024,48,15,1,"28,48"
Google,atr_search | marca,Loja,20/06/2024,117,20,0,"32,52"
Google,atr_search | Jaraguá do Sul,HB20,21/06/2024,32,6,0,"7,14"
Google,atr_search | Joinville,HB20,21/06/2024,58,9,2,"18,95"
Google,atr_search | marca,HB20,21/06/2024,149,32,4,"56,66"
Google,atr_search | Jaraguá do Sul,HB20,22/06/2024,31,7,0,"10,42"
Google,atr_search | Joinville,HB20,22/06/2024,58,14,0,"43,44"
Google,atr_search | marca,HB20,22/06/2024,141,26,2,"45,28"
Google,atr_search | Jaraguá do Sul,Loja,23/06/2024,6,2,0,"2,41"
Google,atr_search | Joinville,Loja,23/06/2024,36,7,2,"25,87"
Google,atr_search | marca,Loja,23/06/2024,111,14,0,"18,12"
Google,atr_search | Jaraguá do Sul,HB20,24/06/2024,43,6,0,"16,64"
Google,atr_search | Joinville,HB20,24/06/2024,101,31,1,"105,05"
Google,atr_search | marca,HB20,24/06/2024,196,33,3,"70,74"
Google,atr_search | Jaraguá do Sul,Creta,25/06/2024,29,6,1,"23,85"
Google,atr_search | Joinville,Creta,25/06/2024,58,10,0,"30,4"
Google,atr_search | marca,Creta,25/06/2024,204,24,2,"43,89"
Google,atr_search | Jaraguá do Sul,Creta,26/06/2024,35,5,0,"22,45"
Google,atr_search | Joinville,Creta,26/06/2024,84,18,1,"84,76"
Google,atr_search | marca,Creta,26/06/2024,169,33,1,"59,1"
Google,atr_search | Jaraguá do Sul,Loja,27/06/2024,32,5,1,"35,83"
Google,atr_search | Joinville,Loja,27/06/2024,89,10,1,"52,11"
Google,atr_search | marca,Loja,27/06/2024,163,26,2,"57,94"
Google,atr_search | Jaraguá do Sul,HB20,28/06/2024,53,11,0,"60,16"
Google,atr_search | Joinville,HB20,28/06/2024,53,10,0,"106,73"
Google,atr_search | marca,HB20,28/06/2024,143,26,2,"55,23"
Google,atr_search | Jaraguá do Sul,HB20,29/06/2024,39,4,1,"27,8"
Google,atr_search | Joinville,HB20,29/06/2024,28,8,2,"87,11"
Google,atr_search | marca,HB20,29/06/2024,106,20,1,"32,39"
Google,atr_search | Jaraguá do Sul,Loja,30/06/2024,33,5,2,"47,93"
Google,atr_search | Joinville,Loja,30/06/2024,16,5,1,"13,96"
Google,atr_search | marca,Loja,30/06/2024,77,16,1,"24,24"
Google,atr_search | Blumenau,HB20,01/07/2024,14,1,0,"2,62"
Google,atr_search | Jaraguá do Sul,HB20,01/07/2024,38,6,0,"67,28"
Google,atr_search | Joinville,HB20,01/07/2024,85,13,0,"65,97"
Google,atr_search | marca,HB20,01/07/2024,214,21,0,"27,79"
Google,atr_search | Blumenau,Creta,02/07/2024,83,13,0,"79,42"
Google,atr_search | Jaraguá do Sul,Creta,02/07/2024,61,3,2,"40,87"
Google,atr_search | Joinville,Creta,02/07/2024,59,8,1,"34,82"
Google,atr_search | marca,Creta,02/07/2024,356,34,2,"53,51"
Google,atr_search | Blumenau,Creta,03/07/2024,150,11,0,"40,31"
Google,atr_search | Jaraguá do Sul,Creta,03/07/2024,261,16,0,"49,03"
Google,atr_search | Joinville,Creta,03/07/2024,246,21,3,"37,85"
Google,atr_search | marca,Creta,03/07/2024,318,28,2,"48,83"
Google,atr_search | Blumenau,Loja,04/07/2024,245,16,1,"47,85"
Google,atr_search | Jaraguá do Sul,Loja,04/07/2024,145,5,0,"35,51"
Google,atr_search | Joinville,Loja,04/07/2024,300,15,0,"38,03"
Google,atr_search | marca,Loja,04/07/2024,314,29,1,"46,43"
Google,atr_search | Blumenau,HB20,05/07/2024,106,16,2,"38,76"
Google,atr_search | Jaraguá do Sul,HB20,05/07/2024,303,14,0,"43,06"
Google,atr_search | Joinville,HB20,05/07/2024,302,19,0,"28,67"
Google,atr_search | marca,HB20,05/07/2024,536,31,2,"38,5"
Google,atr_search | Blumenau,HB20,06/07/2024,191,25,2,"46,98"
Google,atr_search | Jaraguá do Sul,HB20,06/07/2024,117,8,0,"36,02"
Google,atr_search | Joinville,HB20,06/07/2024,74,6,0,"23,32"
Google,atr_search | marca,HB20,06/07/2024,310,24,3,"30,6"
Google,atr_search | Blumenau,Loja,07/07/2024,270,22,1,"44,94"
Google,atr_search | Jaraguá do Sul,Loja,07/07/2024,153,12,1,"24,31"
Google,atr_search | Joinville,Loja,07/07/2024,351,15,1,"32,93"
Google,atr_search | marca,Loja,07/07/2024,313,23,1,"29,71"
Google,atr_search | Blumenau,HB20,08/07/2024,181,23,0,"42,47"
Google,atr_search | Jaraguá do Sul,HB20,08/07/2024,218,20,0,"36,25"
Google,atr_search | Joinville,HB20,08/07/2024,463,20,1,"34,61"
Google,atr_search | marca,HB20,08/07/2024,447,35,1,"39,91"
Google,atr_search | Blumenau,Creta,09/07/2024,161,15,0,"48,12"
Google,atr_search | Jaraguá do Sul,Creta,09/07/2024,376,21,0,"36,79"
Google,atr_search | Joinville,Creta,09/07/2024,336,16,1,"32,52"
Google,atr_search | marca,Creta,09/07/2024,360,35,2,"42,83"
Google,atr_search | Blumenau,Creta,10/07/2024,303,19,0,"37,64"
Google,atr_search | Jaraguá do Sul,Creta,10/07/2024,325,20,1,"37,93"
Google,atr_search | Joinville,Creta,10/07/2024,440,16,0,"20,65"
Google,atr_search | marca,Creta,10/07/2024,391,24,1,"40,4"
Google,atr_search | Blumenau,Loja,11/07/2024,199,17,0,"40,6"
Google,atr_search | Jaraguá do Sul,Loja,11/07/2024,339,19,0,"34,91"
Google,atr_search | Joinville,Loja,11/07/2024,473,30,1,"53,22"
Google,atr_search | marca,Loja,11/07/2024,580,34,2,"39,19"
Google,atr_search | Blumenau,HB20,12/07/2024,245,17,0,"29,69"
Google,atr_search | Jaraguá do Sul,HB20,12/07/2024,301,23,0,"35,61"
Google,atr_search | Joinville,HB20,12/07/2024,259,15,1,"25,53"
Google,atr_search | marca,HB20,12/07/2024,494,44,0,"55,71"
Google,atr_search | Blumenau,HB20,13/07/2024,143,13,0,"19,09"
Google,atr_search | Jaraguá do Sul,HB20,13/07/2024,171,14,1,"16,81"
Google,atr_search | Joinville,HB20,13/07/2024,184,10,0,"10,59"
Google,atr_search | marca,HB20,13/07/2024,368,22,0,"35,36"
Google,atr_search | Blumenau,Loja,14/07/2024,121,8,0,"6,51"
Google,atr_search | Jaraguá do Sul,Loja,14/07/2024,195,5,0,"4,55"
Google,atr_search | Joinville,Loja,14/07/2024,232,14,0,"14,28"
Google,atr_search | marca,Loja,14/07/2024,293,26,2,"34,81"
Google,atr_search | Blumenau,HB20,15/07/2024,145,14,0,"12,19"
Google,atr_search | Jaraguá do Sul,HB20,15/07/2024,160,12,0,"16,39"
Google,atr_search | Joinville,HB20,15/07/2024,308,27,1,"35,09"
Google,atr_search | marca,HB20,15/07/2024,541,31,2,"46,74"
Google,atr_search | Blumenau,Creta,16/07/2024,161,12,0,"13,73"
Google,atr_search | Jaraguá do Sul,Creta,16/07/2024,155,16,0,"18,64"
Google,atr_search | Joinville,Creta,16/07/2024,193,11,0,"11,88"
Google,atr_search | marca,Creta,16/07/2024,618,41,1,"55,85"
Google,atr_search | Blumenau,Creta,17/07/2024,157,9,1,"9,71"
Google,atr_search | Joinville,Creta,17/07/2024,220,13,"0,5","17,91"
Google,atr_search | marca,Creta,17/07/2024,471,29,"0,5","44,12"
Google,atr_search | Blumenau,Loja,18/07/2024,147,10,0,"9,59"
Google,atr_search | joinviile (NEW) - TESTE,Loja,18/07/2024,20,6,1,"11,53"
Google,atr_search | Joinville,Loja,18/07/2024,200,9,1,"9,31"
Google,atr_search | marca,Loja,18/07/2024,567,31,0,"42,39"
Google,atr_search | Blumenau,HB20,19/07/2024,156,8,1,"6,25"
Google,atr_search | joinviile (NEW) - TESTE,HB20,19/07/2024,64,17,1,"42,53"
Google,atr_search | Joinville,HB20,19/07/2024,174,13,0,"11,31"
Google,atr_search | marca,HB20,19/07/2024,198,19,1,"30,44"
Google,atr_search | Blumenau,HB20,20/07/2024,129,8,0,"8,83"
Google,atr_search | joinviile (NEW) - TESTE,HB20,20/07/2024,80,14,0,"41,78"
Google,atr_search | Joinville,HB20,20/07/2024,149,4,0,"5,36"
Google,atr_search | marca,HB20,20/07/2024,319,20,2,"32,81"
Google,atr_search | Blumenau,Loja,21/07/2024,82,9,0,"13,54"
Google,atr_search | joinviile (NEW) - TESTE,Loja,21/07/2024,62,10,0,"42,85"
Google,atr_search | Joinville,Loja,21/07/2024,141,8,0,"6,35"
Google,atr_search | marca,Loja,21/07/2024,341,22,0,"30,13"
Google,atr_search | Blumenau,HB20,22/07/2024,73,7,0,"5,36"
Google,atr_search | joinviile (NEW) - TESTE,HB20,22/07/2024,85,9,1,"48,57"
Google,atr_search | Joinville,HB20,22/07/2024,276,12,1,"13,7"
Google,atr_search | marca,HB20,22/07/2024,362,32,2,"50,98"
Google,atr_search | joinviile (NEW) - TESTE,Creta,23/07/2024,12,1,0,"16,8"
Google,atr_search | Joinville,Creta,23/07/2024,211,13,0,"15,12"
Google,atr_search | marca,Creta,23/07/2024,679,55,2,"81,67"
Google,atr_search | AsU,Creta,24/07/2024,8,0,0,0
Google,atr_search | Joinville,Creta,24/07/2024,235,16,0,"13,1"
Google,atr_search | marca,Creta,24/07/2024,655,52,5,"78,73"
Google,atr_search | AsU,Loja,25/07/2024,185,24,2,"39,06"
Google,atr_search | Joinville,Loja,25/07/2024,219,21,1,"22,57"
Google,atr_search | marca,Loja,25/07/2024,513,59,2,"82,3"
Google,atr_search | AsU,HB20,26/07/2024,174,16,0,"23,68"
Google,atr_search | Joinville,HB20,26/07/2024,165,11,0,"8,92"
Google,atr_search | marca,HB20,26/07/2024,595,48,1,"60,93"
Google,atr_search | AsU,HB20,27/07/2024,99,15,0,"18,2"
Google,atr_search | Joinville,HB20,27/07/2024,139,10,0,"8,44"
Google,atr_search | marca,HB20,27/07/2024,694,67,3,"77,01"
Google,atr_search | AsU,Loja,28/07/2024,108,6,0,"6,57"
Google,atr_search | Joinville,Loja,28/07/2024,133,9,0,"7,29"
Google,atr_search | marca,Loja,28/07/2024,563,56,1,"70,03"
Google,atr_search | AsU,HB20,29/07/2024,226,25,1,"35,07"
Google,atr_search | Joinville,HB20,29/07/2024,219,12,1,"15,34"
Google,atr_search | marca,HB20,29/07/2024,577,60,2,"83,33"
Google,atr_search | AsU,Creta,30/07/2024,146,14,2,"16,99"
Google,atr_search | Joinville,Creta,30/07/2024,218,7,2,"6,78"
Google,atr_search | marca,Creta,30/07/2024,517,52,2,"73,4"
Google,atr_search | AsU,Creta,31/07/2024,123,14,0,"15,18"
Google,atr_search | Joinville,Creta,31/07/2024,194,6,0,"4,59"
Google,atr_search | marca,Creta,31/07/2024,486,45,5,"67,6"
Google,atr_search | AsU,Loja,01/08/2024,98,7,0,"13,98"
Google,atr_search | Joinville,Loja,01/08/2024,141,10,1,"7,16"
Google,atr_search | marca,Loja,01/08/2024,603,46,5,"59,15"
Google,atr_search | AsU,HB20,02/08/2024,61,3,0,"3,25"
Google,atr_search | Joinville,HB20,02/08/2024,110,8,0,"8,15"
Google,atr_search | marca,HB20,02/08/2024,572,48,1,"50,15"
Google,atr_search | AsU,HB20,03/08/2024,47,2,0,"2,47"
Google,atr_search | Joinville,HB20,03/08/2024,104,2,0,"2,21"
Google,atr_search | marca,HB20,03/08/2024,537,56,1,"58,14"
Google,atr_search | AsU,Loja,04/08/2024,42,4,0,"3,91"
Google,atr_search | Joinville,Loja,04/08/2024,104,4,0,"2,45"
Google,atr_search | marca,Loja,04/08/2024,509,42,0,"36,24"
Google,atr_search | AsU,HB20,05/08/2024,96,12,0,"13,63"
Google,atr_search | Joinville,HB20,05/08/2024,147,8,1,"4,74"
Google,atr_search | marca,HB20,05/08/2024,703,57,7,"78,59"
Google,atr_search | AsU,Creta,06/08/2024,70,3,1,"2,85"
Google,atr_search | Joinville,Creta,06/08/2024,119,7,0,"8,58"
Google,atr_search | marca,Creta,06/08/2024,587,46,1,"56,46"
Google,atr_search | AsU,Creta,07/08/2024,38,3,0,"4,36"
Google,atr_search | Joinville,Creta,07/08/2024,109,7,1,"6,5"
Google,atr_search | marca,Creta,07/08/2024,466,36,1,"45,04"
Google,atr_search | AsU,Loja,08/08/2024,42,6,1,"5,21"
Google,atr_search | Joinville,Loja,08/08/2024,120,8,0,"8,39"
Google,atr_search | marca,Loja,08/08/2024,585,49,2,"53,32"
Google,atr_search | AsU,HB20,09/08/2024,44,6,0,"6,68"
Google,atr_search | Joinville,HB20,09/08/2024,81,5,2,"3,76"
Google,atr_search | marca,HB20,09/08/2024,511,48,3,"72,45"
Google,atr_search | AsU,HB20,10/08/2024,34,5,0,"6,54"
Google,atr_search | Joinville,HB20,10/08/2024,89,8,0,"7,82"
Google,atr_search | marca,HB20,10/08/2024,364,40,2,"42,71"
Google,atr_search | AsU,Loja,11/08/2024,24,1,0,"0,8"
Google,atr_search | Joinville,Loja,11/08/2024,97,3,0,"2,97"
Google,atr_search | marca,Loja,11/08/2024,385,22,0,"28,75"
Google,atr_search | AsU,HB20,12/08/2024,61,2,0,"2,52"
Google,atr_search | Joinville,HB20,12/08/2024,119,8,0,"5,82"
Google,atr_search | marca,HB20,12/08/2024,640,46,1,"54,33"
Google,atr_search | AsU,Creta,13/08/2024,38,2,0,"1,34"
Google,atr_search | Joinville,Creta,13/08/2024,93,9,0,"5,97"
Google,atr_search | marca,Creta,13/08/2024,653,65,1,"72,77"
Google,atr_search | AsU,Creta,14/08/2024,25,3,0,"3,07"
Google,atr_search | Joinville,Creta,14/08/2024,99,12,0,"11,1"
Google,atr_search | marca,Creta,14/08/2024,576,53,2,"63,9"
Google,atr_search | AsU,Loja,15/08/2024,28,2,1,"1,35"
Google,atr_search | Joinville,Loja,15/08/2024,131,4,0,"6,23"
Google,atr_search | marca,Loja,15/08/2024,605,59,3,"67,69"
Google,atr_search | AsU,HB20,16/08/2024,56,3,0,"5,54"
Google,atr_search | Joinville,HB20,16/08/2024,122,4,0,"3,64"
Google,atr_search | marca,HB20,16/08/2024,380,50,0,"68,16"
Google,atr_search | AsU,HB20,17/08/2024,28,1,1,"1,26"
Google,atr_search | Joinville,HB20,17/08/2024,98,5,0,"4,92"
Google,atr_search | marca,HB20,17/08/2024,395,35,2,"38,45"
Google,atr_search | AsU,Loja,18/08/2024,13,2,0,"1,82"
Google,atr_search | Joinville,Loja,18/08/2024,88,2,0,"0,53"
Google,atr_search | marca,Loja,18/08/2024,422,39,4,"49,09"
Google,atr_search | AsU,HB20,19/08/2024,60,4,1,"2,82"
Google,atr_search | Joinville,HB20,19/08/2024,136,9,0,"6,22"
Google,atr_search | marca,HB20,19/08/2024,709,76,4,"96,99"
Google,atr_search | AsU,Creta,20/08/2024,55,5,0,"5,99"
Google,atr_search | Joinville,Creta,20/08/2024,154,14,0,"13,11"
Google,atr_search | marca,Creta,20/08/2024,703,74,4,"98,89"
Google,atr_search | AsU,Creta,21/08/2024,66,5,1,"4,44"
Google,atr_search | Joinville,Creta,21/08/2024,119,8,1,"6,49"
Google,atr_search | marca,Creta,21/08/2024,550,70,3,"91,08"
Google,atr_search | AsU,Loja,22/08/2024,45,4,0,"5,4"
Google,atr_search | Joinville,Loja,22/08/2024,143,9,1,"11,69"
Google,atr_search | marca,Loja,22/08/2024,666,52,1,"78,89"
Google,atr_search | AsU,HB20,23/08/2024,76,9,1,"9,3"
Google,atr_search | Joinville,HB20,23/08/2024,132,12,0,"8,94"
Google,atr_search | marca,HB20,23/08/2024,403,47,4,"65,87"
Google,atr_search | AsU,HB20,24/08/2024,39,5,0,"6,21"
Google,atr_search | Joinville,HB20,24/08/2024,121,12,0,"11,36"
Google,atr_search | marca,HB20,24/08/2024,528,41,2,"47,32"
Google,atr_search | AsU,Loja,25/08/2024,24,2,1,"1,62"
Google,atr_search | Joinville,Loja,25/08/2024,79,1,0,"0,35"
Google,atr_search | marca,Loja,25/08/2024,436,34,2,"40,72"
Google,atr_search | AsU,HB20,26/08/2024,113,10,0,"13,28"
Google,atr_search | Blumenau,HB20,26/08/2024,11,1,0,"0,5"
Google,atr_search | Jaraguá do Sul,HB20,26/08/2024,10,1,0,"0,85"
Google,atr_search | Joinville,HB20,26/08/2024,199,16,0,"18,69"
Google,atr_search | marca,HB20,26/08/2024,315,37,1,"50,52"
Google,atr_search | Ponta Grossa,HB20,26/08/2024,18,3,0,"3,43"
Google,atr_search | AsU,Creta,27/08/2024,103,23,2,"25,82"
Google,atr_search | Blumenau,Creta,27/08/2024,117,20,1,"32,87"
Google,atr_search | Jaraguá do Sul,Creta,27/08/2024,68,11,0,"19,86"
Google,atr_search | Joinville,Creta,27/08/2024,198,14,0,"19,46"
Google,atr_search | marca,Creta,27/08/2024,297,19,3,"26,99"
Google,atr_search | Ponta Grossa,Creta,27/08/2024,1044,15,1,"13,66"
Google,atr_search | AsU,Creta,28/08/2024,102,13,0,"19,59"
Google,atr_search | Blumenau,Creta,28/08/2024,105,14,4,"30,16"
Google,atr_search | Jaraguá do Sul,Creta,28/08/2024,211,13,4,"18,21"
Google,atr_search | Joinville,Creta,28/08/2024,158,19,2,"23,64"
Google,atr_search | marca,Creta,28/08/2024,434,26,0,"24,22"
Google,atr_search | Ponta Grossa,Creta,28/08/2024,453,34,1,"49,21"
Google,atr_search | AsU,Loja,29/08/2024,81,11,1,"25,88"
Google,atr_search | Blumenau,Loja,29/08/2024,111,16,4,"23,6"
Google,atr_search | Jaraguá do Sul,Loja,29/08/2024,80,5,3,"12,16"
Google,atr_search | Joinville,Loja,29/08/2024,125,13,2,"20,11"
Google,atr_search | marca,Loja,29/08/2024,430,23,"1,5","25,63"
Google,atr_search | Ponta Grossa,Loja,29/08/2024,777,24,2,"31,7"
Google,atr_search | AsU,HB20,30/08/2024,161,16,3,"24,25"
Google,atr_search | Blumenau,HB20,30/08/2024,103,13,1,"19,03"
Google,atr_search | Jaraguá do Sul,HB20,30/08/2024,190,9,3,"17,51"
Google,atr_search | Joinville,HB20,30/08/2024,150,15,4,"23,93"
Google,atr_search | marca,HB20,30/08/2024,157,17,"4,5","24,65"
Google,atr_search | Ponta Grossa,HB20,30/08/2024,896,35,0,"32,52"
Google,atr_search | AsU,HB20,31/08/2024,112,9,1,"16,85"
Google,atr_search | Blumenau,HB20,31/08/2024,88,14,3,"19,78"
Google,atr_search | Jaraguá do Sul,HB20,31/08/2024,129,10,3,"20,71"
Google,atr_search | Joinville,HB20,31/08/2024,145,9,1,"17,64"
Google,atr_search | marca,HB20,31/08/2024,339,29,1,"25,65"
Google,atr_search | Ponta Grossa,HB20,31/08/2024,263,15,2,"20,14"